student_id,total_incident,total_violations,total_repeated_violations,total_no_violation_in_cases,will_reoffend_same_violation
S0001,7,5,1,2,0
S0002,15,8,3,7,0
S0003,11,4,0,7,0
S0004,8,5,0,3,0
S0005,7,3,0,4,0
S0006,19,3,0,16,0
S0007,11,6,1,5,0
S0008,11,9,3,2,0
S0009,4,1,0,3,0
S0010,8,2,1,6,0
S0011,3,0,0,3,0
S0012,2,0,0,2,0
S0013,12,5,2,7,0
S0014,6,3,0,3,0
S0015,2,0,0,2,0
S0016,1,0,0,1,0
S0017,12,8,4,4,0
S0018,12,6,1,6,0
S0019,17,12,5,5,1
S0020,10,1,0,9,0
S0021,16,7,1,9,0
S0022,15,9,3,6,1
S0023,15,11,1,4,0
S0024,19,13,2,6,0
S0025,12,3,0,9,0
S0026,3,2,0,1,0
S0027,5,0,0,5,0
S0028,19,15,3,4,0
S0029,7,6,1,1,0
S0030,9,2,0,7,0
S0031,7,4,1,3,0
S0032,18,2,0,16,0
S0033,4,1,0,3,0
S0034,14,7,3,7,0
S0035,18,10,1,8,0
S0036,9,7,3,2,0
S0037,2,1,0,1,0
S0038,15,7,1,8,0
S0039,7,5,0,2,0
S0040,12,10,5,2,0
S0041,8,0,0,8,0
S0042,15,13,1,2,0
S0043,3,0,0,3,0
S0044,14,10,4,4,0
S0045,17,5,2,12,0
S0046,4,0,0,4,0
S0047,18,8,2,10,0
S0048,8,4,1,4,0
S0049,4,1,0,3,0
S0050,2,0,0,2,0
S0051,6,3,1,3,0
S0052,10,8,4,2,1
S0053,4,1,0,3,0
S0054,18,4,1,14,0
S0055,12,5,2,7,0
S0056,2,0,0,2,0
S0057,10,7,3,3,0
S0058,4,3,1,1,0
S0059,14,7,0,7,0
S0060,16,6,3,10,0
S0061,15,11,4,4,1
S0062,8,4,2,4,0
S0063,14,10,3,4,0
S0064,8,4,2,4,0
S0065,16,11,0,5,0
S0066,13,7,1,6,0
S0067,18,7,3,11,1
S0068,15,12,1,3,0
S0069,13,6,0,7,0
S0070,9,5,2,4,0
S0071,15,4,2,11,0
S0072,13,7,0,6,0
S0073,1,0,0,1,0
S0074,7,1,0,6,0
S0075,9,1,0,8,0
S0076,1,0,0,1,0
S0077,12,8,2,4,1
S0078,8,4,0,4,0
S0079,11,3,0,8,0
S0080,19,12,3,7,0
S0081,17,2,0,15,0
S0082,8,3,1,5,0
S0083,3,0,0,3,0
S0084,3,0,0,3,0
S0085,1,0,0,1,0
S0086,5,2,0,3,0
S0087,10,1,0,9,0
S0088,7,2,1,5,0
S0089,9,4,0,5,0
S0090,7,3,0,4,0
S0091,9,3,1,6,0
S0092,8,6,1,2,0
S0093,12,2,1,10,0
S0094,2,1,0,1,0
S0095,1,0,0,1,0
S0096,16,2,0,14,0
S0097,5,2,0,3,0
S0098,3,1,0,2,0
S0099,12,9,2,3,0
S0100,8,4,2,4,0
S0101,3,2,1,1,0
S0102,1,0,0,1,0
S0103,3,0,0,3,0
S0104,5,0,0,5,0
S0105,15,3,1,12,0
S0106,14,7,4,7,0
S0107,3,1,0,2,0
S0108,1,0,0,1,0
S0109,5,4,0,1,0
S0110,14,10,0,4,0
S0111,7,2,0,5,0
S0112,9,1,0,8,0
S0113,15,3,0,12,0
S0114,15,3,0,12,0
S0115,10,1,0,9,0
S0116,13,6,1,7,0
S0117,19,5,1,14,0
S0118,7,2,0,5,0
S0119,17,15,1,2,0
S0120,4,2,0,2,0
S0121,5,4,0,1,0
S0122,7,1,0,6,0
S0123,13,5,0,8,0
S0124,15,8,2,7,0
S0125,11,1,0,10,0
S0126,4,0,0,4,0
S0127,13,8,3,5,0
S0128,7,4,0,3,0
S0129,19,8,2,11,0
S0130,2,0,0,2,0
S0131,10,4,1,6,0
S0132,13,1,0,12,0
S0133,6,2,0,4,0
S0134,12,2,0,10,0
S0135,12,2,1,10,0
S0136,11,9,2,2,1
S0137,7,4,1,3,0
S0138,1,0,0,1,0
S0139,1,0,0,1,0
S0140,13,5,2,8,0
S0141,9,2,0,7,0
S0142,3,0,0,3,0
S0143,7,1,0,6,0
S0144,6,4,1,2,0
S0145,8,5,2,3,0
S0146,9,4,0,5,0
S0147,5,2,0,3,0
S0148,1,0,0,1,0
S0149,19,3,0,16,0
S0150,10,3,0,7,0
S0151,12,4,1,8,0
S0152,15,10,1,5,0
S0153,9,8,0,1,0
S0154,17,4,1,13,0
S0155,17,13,1,4,0
S0156,12,9,0,3,0
S0157,7,1,0,6,0
S0158,2,0,0,2,0
S0159,3,1,0,2,0
S0160,17,15,0,2,0
S0161,5,1,0,4,0
S0162,17,12,5,5,0
S0163,17,6,1,11,0
S0164,17,11,2,6,0
S0165,2,0,0,2,0
S0166,2,1,0,1,0
S0167,5,3,0,2,0
S0168,1,0,0,1,0
S0169,1,0,0,1,0
S0170,19,2,0,17,0
S0171,2,1,0,1,0
S0172,12,2,1,10,0
S0173,6,2,0,4,0
S0174,4,2,0,2,0
S0175,11,4,1,7,0
S0176,17,8,0,9,0
S0177,6,5,2,1,1
S0178,5,1,0,4,0
S0179,2,1,0,1,0
S0180,6,2,1,4,0
S0181,11,2,1,9,0
S0182,16,3,1,13,0
S0183,16,13,3,3,1
S0184,1,0,0,1,0
S0185,9,7,1,2,1
S0186,6,5,2,1,1
S0187,16,4,2,12,0
S0188,3,1,0,2,0
S0189,4,2,1,2,0
S0190,19,9,4,10,0
S0191,3,1,0,2,0
S0192,19,7,3,12,0
S0193,7,4,0,3,1
S0194,9,5,0,4,0
S0195,1,0,0,1,0
S0196,8,3,0,5,0
S0197,7,3,1,4,0
S0198,18,10,4,8,0
S0199,8,2,1,6,0
S0200,1,0,0,1,0
S0201,11,1,0,10,0
S0202,18,6,0,12,0
S0203,10,7,0,3,0
S0204,3,1,0,2,0
S0205,7,2,0,5,0
S0206,16,10,0,6,0
S0207,16,8,1,8,0
S0208,17,12,1,5,0
S0209,2,1,0,1,0
S0210,1,0,0,1,0
S0211,16,7,2,9,0
S0212,12,2,0,10,0
S0213,5,1,0,4,0
S0214,5,2,0,3,0
S0215,9,5,1,4,0
S0216,9,4,1,5,0
S0217,3,0,0,3,0
S0218,19,1,0,18,0
S0219,16,7,1,9,0
S0220,16,5,1,11,0
S0221,3,2,0,1,0
S0222,1,0,0,1,0
S0223,11,6,1,5,0
S0224,17,14,1,3,0
S0225,8,1,0,7,0
S0226,4,1,0,3,0
S0227,6,1,0,5,0
S0228,8,4,1,4,0
S0229,3,1,0,2,0
S0230,16,6,0,10,0
S0231,3,1,0,2,0
S0232,18,14,6,4,1
S0233,14,3,0,11,0
S0234,18,2,0,16,0
S0235,2,1,0,1,0
S0236,3,1,0,2,0
S0237,16,13,7,3,1
S0238,9,5,2,4,0
S0239,4,2,0,2,0
S0240,1,0,0,1,0
S0241,4,2,1,2,0
S0242,1,0,0,1,0
S0243,14,7,4,7,0
S0244,16,3,1,13,0
S0245,8,2,0,6,0
S0246,7,1,0,6,0
S0247,3,0,0,3,0
S0248,17,5,2,12,0
S0249,1,0,0,1,0
S0250,16,9,2,7,0
S0251,12,5,1,7,0
S0252,19,11,5,8,0
S0253,14,2,0,12,0
S0254,6,1,0,5,0
S0255,6,1,0,5,0
S0256,13,6,1,7,0
S0257,19,5,1,14,0
S0258,8,2,0,6,0
S0259,2,0,0,2,0
S0260,1,0,0,1,0
S0261,15,1,0,14,0
S0262,1,0,0,1,0
S0263,5,3,0,2,0
S0264,16,11,6,5,1
S0265,19,16,1,3,1
S0266,4,0,0,4,0
S0267,3,0,0,3,0
S0268,17,13,4,4,1
S0269,17,7,2,10,0
S0270,12,6,2,6,0
S0271,14,8,0,6,0
S0272,6,3,0,3,0
S0273,3,2,0,1,0
S0274,9,8,2,1,1
S0275,5,3,1,2,0
S0276,17,5,0,12,0
S0277,14,11,4,3,1
S0278,3,0,0,3,0
S0279,1,0,0,1,0
S0280,1,0,0,1,0
S0281,3,0,0,3,0
S0282,18,4,2,14,0
S0283,10,2,0,8,0
S0284,3,2,0,1,0
S0285,8,4,0,4,0
S0286,14,8,0,6,0
S0287,18,5,0,13,0
S0288,15,10,0,5,0
S0289,2,1,0,1,0
S0290,10,3,0,7,0
S0291,2,0,0,2,0
S0292,17,4,1,13,0
S0293,8,7,0,1,1
S0294,1,0,0,1,0
S0295,9,7,1,2,0
S0296,11,3,0,8,0
S0297,16,11,0,5,0
S0298,7,4,0,3,0
S0299,10,6,3,4,1
S0300,3,2,0,1,0
S0301,18,7,0,11,0
S0302,13,2,0,11,0
S0303,7,4,0,3,0
S0304,4,2,0,2,0
S0305,13,7,2,6,0
S0306,1,0,0,1,0
S0307,8,4,1,4,0
S0308,14,4,0,10,0
S0309,16,7,1,9,0
S0310,14,8,1,6,0
S0311,12,8,2,4,0
S0312,19,5,1,14,0
S0313,15,6,0,9,0
S0314,2,0,0,2,0
S0315,2,0,0,2,0
S0316,19,13,6,6,0
S0317,17,14,1,3,0
S0318,10,3,0,7,0
S0319,6,4,1,2,0
S0320,15,12,5,3,0
S0321,11,8,3,3,1
S0322,5,1,0,4,0
S0323,1,0,0,1,0
S0324,8,3,1,5,0
S0325,12,4,1,8,0
S0326,12,1,0,11,0
S0327,5,2,1,3,0
S0328,7,1,0,6,0
S0329,4,1,0,3,0
S0330,6,2,1,4,0
S0331,13,9,3,4,0
S0332,15,12,6,3,1
S0333,3,1,0,2,0
S0334,8,6,0,2,0
S0335,16,12,3,4,0
S0336,13,9,0,4,0
S0337,18,3,0,15,0
S0338,10,6,2,4,0
S0339,19,16,3,3,1
S0340,17,10,1,7,1
S0341,19,6,2,13,0
S0342,5,2,1,3,0
S0343,9,5,0,4,0
S0344,12,6,1,6,0
S0345,1,0,0,1,0
S0346,1,0,0,1,0
S0347,15,11,0,4,0
S0348,2,1,0,1,0
S0349,16,3,0,13,0
S0350,8,6,0,2,0
S0351,13,4,2,9,0
S0352,1,0,0,1,0
S0353,16,11,2,5,1
S0354,7,5,0,2,0
S0355,5,4,1,1,0
S0356,3,1,0,2,0
S0357,12,9,1,3,1
S0358,16,3,0,13,0
S0359,19,12,2,7,0
S0360,5,3,1,2,0
S0361,14,8,3,6,1
S0362,5,1,0,4,0
S0363,15,11,3,4,1
S0364,17,3,0,14,0
S0365,14,2,0,12,0
S0366,5,3,0,2,0
S0367,12,5,0,7,0
S0368,16,12,1,4,0
S0369,16,6,1,10,0
S0370,7,1,0,6,0
S0371,4,3,1,1,1
S0372,1,0,0,1,0
S0373,5,1,0,4,0
S0374,10,6,2,4,0
S0375,5,2,0,3,0
S0376,4,2,0,2,0
S0377,2,0,0,2,0
S0378,10,7,0,3,0
S0379,19,14,2,5,1
S0380,1,0,0,1,0
S0381,5,0,0,5,0
S0382,13,10,1,3,1
S0383,4,2,0,2,0
S0384,16,10,4,6,0
S0385,16,6,1,10,0
S0386,2,1,0,1,0
S0387,17,11,2,6,0
S0388,12,2,0,10,0
S0389,18,7,1,11,0
S0390,3,2,0,1,0
S0391,1,0,0,1,0
S0392,1,0,0,1,0
S0393,19,12,3,7,0
S0394,11,6,1,5,0
S0395,5,1,0,4,0
S0396,12,3,0,9,0
S0397,3,2,0,1,0
S0398,1,0,0,1,0
S0399,1,0,0,1,0
S0400,8,3,0,5,0
S0401,10,2,0,8,0
S0402,11,1,0,10,0
S0403,12,6,1,6,0
S0404,13,11,5,2,0
S0405,12,4,2,8,0
S0406,14,5,1,9,0
S0407,2,0,0,2,0
S0408,19,9,4,10,0
S0409,18,8,2,10,0
S0410,3,2,0,1,0
S0411,17,8,1,9,0
S0412,8,4,1,4,0
S0413,10,2,0,8,0
S0414,2,1,0,1,0
S0415,19,5,2,14,0
S0416,9,1,0,8,0
S0417,7,4,1,3,0
S0418,4,2,0,2,0
S0419,18,7,1,11,0
S0420,13,5,0,8,0
S0421,11,8,0,3,0
S0422,4,1,0,3,0
S0423,4,3,0,1,0
S0424,10,6,1,4,0
S0425,5,2,0,3,0
S0426,9,4,2,5,0
S0427,3,0,0,3,0
S0428,17,11,1,6,0
S0429,3,1,0,2,0
S0430,16,5,1,11,0
S0431,4,2,0,2,0
S0432,18,16,2,2,1
S0433,17,7,0,10,0
S0434,7,5,2,2,1
S0435,5,1,0,4,0
S0436,12,1,0,11,0
S0437,17,4,1,13,0
S0438,13,5,2,8,0
S0439,3,0,0,3,0
S0440,9,0,0,9,0
S0441,17,14,6,3,1
S0442,17,13,1,4,0
S0443,16,11,1,5,0
S0444,13,3,0,10,0
S0445,19,3,0,16,0
S0446,17,2,0,15,0
S0447,4,2,0,2,0
S0448,12,10,4,2,1
S0449,9,3,1,6,0
S0450,19,3,1,16,0
S0451,12,6,2,6,0
S0452,9,3,0,6,0
S0453,7,2,0,5,0
S0454,14,8,3,6,0
S0455,19,12,0,7,0
S0456,15,2,0,13,0
S0457,16,2,1,14,0
S0458,5,4,1,1,1
S0459,3,0,0,3,0
S0460,12,1,0,11,0
S0461,4,1,0,3,0
S0462,16,2,0,14,0
S0463,7,2,0,5,0
S0464,13,9,5,4,0
S0465,10,3,0,7,0
S0466,7,3,0,4,0
S0467,14,8,2,6,0
S0468,5,2,0,3,0
S0469,3,2,0,1,0
S0470,11,8,1,3,0
S0471,11,1,0,10,0
S0472,18,13,7,5,1
S0473,15,7,0,8,0
S0474,12,10,3,2,1
S0475,9,4,2,5,0
S0476,10,8,0,2,0
S0477,12,8,4,4,0
S0478,17,5,2,12,0
S0479,6,3,1,3,0
S0480,7,6,0,1,1
S0481,14,11,4,3,0
S0482,13,2,0,11,0
S0483,8,5,2,3,0
S0484,10,3,0,7,0
S0485,9,0,0,9,0
S0486,18,7,1,11,0
S0487,2,0,0,2,0
S0488,5,3,0,2,0
S0489,5,1,0,4,0
S0490,6,4,1,2,0
S0491,19,1,0,18,0
S0492,8,2,1,6,0
S0493,16,4,0,12,0
S0494,13,3,1,10,0
S0495,1,0,0,1,0
S0496,17,4,0,13,0
S0497,7,3,1,4,0
S0498,13,4,2,9,0
S0499,4,1,0,3,0
S0500,4,1,0,3,0
S0501,6,4,0,2,0
S0502,19,15,1,4,0
S0503,12,5,1,7,0
S0504,7,2,0,5,0
S0505,10,1,0,9,0
S0506,19,16,4,3,0
S0507,7,1,0,6,0
S0508,3,1,0,2,0
S0509,13,4,1,9,0
S0510,13,4,1,9,0
S0511,18,4,2,14,0
S0512,8,5,1,3,0
S0513,9,1,0,8,0
S0514,7,4,2,3,0
S0515,1,0,0,1,0
S0516,3,0,0,3,0
S0517,13,10,0,3,0
S0518,17,4,1,13,0
S0519,1,0,0,1,0
S0520,6,3,1,3,0
S0521,6,0,0,6,0
S0522,12,10,3,2,1
S0523,13,3,1,10,0
S0524,13,10,3,3,0
S0525,15,3,0,12,0
S0526,16,12,5,4,0
S0527,11,1,0,10,0
S0528,5,2,0,3,0
S0529,4,2,1,2,0
S0530,3,2,0,1,0
S0531,19,15,5,4,0
S0532,18,13,3,5,0
S0533,15,12,2,3,0
S0534,9,2,0,7,0
S0535,17,5,1,12,0
S0536,14,4,1,10,0
S0537,15,6,2,9,0
S0538,1,0,0,1,0
S0539,3,1,0,2,0
S0540,16,3,1,13,0
S0541,11,7,1,4,0
S0542,12,2,0,10,0
S0543,10,3,1,7,0
S0544,16,8,3,8,0
S0545,8,5,1,3,0
S0546,6,4,2,2,1
S0547,12,7,0,5,0
S0548,8,1,0,7,0
S0549,4,2,0,2,0
S0550,8,1,0,7,0
S0551,18,7,3,11,0
S0552,5,2,0,3,0
S0553,9,1,0,8,0
S0554,4,1,0,3,0
S0555,17,14,7,3,1
S0556,9,7,4,2,1
S0557,1,0,0,1,0
S0558,13,1,0,12,0
S0559,16,3,0,13,0
S0560,13,5,1,8,0
S0561,14,12,6,2,1
S0562,3,0,0,3,0
S0563,6,4,1,2,0
S0564,18,3,0,15,0
S0565,19,16,6,3,1
S0566,5,2,1,3,0
S0567,15,10,0,5,0
S0568,2,0,0,2,0
S0569,10,6,3,4,0
S0570,18,4,1,14,0
S0571,13,2,0,11,0
S0572,5,4,1,1,0
S0573,1,0,0,1,0
S0574,1,0,0,1,0
S0575,18,10,5,8,0
S0576,15,11,3,4,0
S0577,17,2,1,15,0
S0578,11,4,1,7,0
S0579,17,5,2,12,0
S0580,13,7,0,6,0
S0581,1,0,0,1,0
S0582,2,0,0,2,0
S0583,9,5,2,4,0
S0584,3,2,0,1,0
S0585,1,0,0,1,0
S0586,16,3,0,13,0
S0587,6,1,0,5,0
S0588,17,4,0,13,0
S0589,5,1,0,4,0
S0590,5,3,0,2,0
S0591,6,3,0,3,0
S0592,3,1,0,2,0
S0593,5,1,0,4,0
S0594,5,3,0,2,0
S0595,10,2,0,8,0
S0596,10,4,1,6,0
S0597,19,14,3,5,0
S0598,17,4,2,13,0
S0599,14,2,0,12,0
S0600,9,7,2,2,0
S0601,14,5,2,9,0
S0602,1,0,0,1,0
S0603,19,2,0,17,0
S0604,13,8,1,5,0
S0605,13,4,1,9,0
S0606,4,0,0,4,0
S0607,1,0,0,1,0
S0608,17,4,1,13,0
S0609,8,3,1,5,0
S0610,2,0,0,2,0
S0611,8,1,0,7,0
S0612,7,2,0,5,0
S0613,2,0,0,2,0
S0614,3,2,0,1,0
S0615,18,1,0,17,0
S0616,12,5,1,7,0
S0617,1,0,0,1,0
S0618,12,4,1,8,0
S0619,5,4,2,1,1
S0620,17,3,0,14,0
S0621,16,13,6,3,0
S0622,15,3,0,12,0
S0623,15,10,1,5,0
S0624,5,2,0,3,0
S0625,14,11,2,3,0
S0626,2,1,0,1,0
S0627,11,5,0,6,0
S0628,19,4,1,15,0
S0629,7,1,0,6,0
S0630,6,4,2,2,0
S0631,2,0,0,2,0
S0632,6,2,0,4,0
S0633,18,12,0,6,0
S0634,2,0,0,2,0
S0635,18,15,2,3,0
S0636,15,10,5,5,0
S0637,19,10,3,9,0
S0638,2,1,0,1,0
S0639,6,0,0,6,0
S0640,1,0,0,1,0
S0641,15,7,1,8,0
S0642,10,2,1,8,0
S0643,19,13,6,6,0
S0644,17,14,7,3,1
S0645,5,2,0,3,0
S0646,4,1,0,3,0
S0647,10,8,1,2,0
S0648,17,7,0,10,0
S0649,10,4,0,6,0
S0650,17,6,0,11,0
S0651,5,4,1,1,0
S0652,2,1,0,1,0
S0653,6,4,2,2,0
S0654,2,1,0,1,0
S0655,13,4,2,9,0
S0656,11,4,0,7,0
S0657,11,8,0,3,0
S0658,16,6,2,10,0
S0659,11,8,1,3,0
S0660,19,16,2,3,1
S0661,15,8,1,7,0
S0662,16,11,1,5,0
S0663,11,8,2,3,0
S0664,16,12,3,4,0
S0665,8,3,0,5,0
S0666,4,0,0,4,0
S0667,8,3,0,5,0
S0668,4,2,0,2,0
S0669,3,1,0,2,0
S0670,3,2,0,1,0
S0671,18,6,2,12,0
S0672,19,11,4,8,0
S0673,19,4,1,15,0
S0674,5,3,0,2,0
S0675,18,9,3,9,0
S0676,10,2,0,8,0
S0677,6,2,0,4,0
S0678,1,0,0,1,0
S0679,5,2,0,3,0
S0680,9,2,0,7,0
S0681,12,10,4,2,1
S0682,14,9,0,5,0
S0683,2,1,0,1,0
S0684,17,7,0,10,0
S0685,14,6,0,8,0
S0686,13,10,5,3,1
S0687,9,4,2,5,0
S0688,15,9,0,6,0
S0689,15,4,1,11,0
S0690,11,5,0,6,0
S0691,16,3,0,13,0
S0692,17,4,1,13,0
S0693,4,0,0,4,0
S0694,1,0,0,1,0
S0695,8,7,1,1,0
S0696,17,4,1,13,0
S0697,3,1,0,2,0
S0698,15,11,6,4,0
S0699,15,8,4,7,0
S0700,14,3,1,11,0
S0701,14,9,1,5,0
S0702,2,1,0,1,0
S0703,13,8,0,5,0
S0704,14,10,4,4,0
S0705,19,16,4,3,1
S0706,7,3,0,4,0
S0707,3,1,0,2,0
S0708,15,9,4,6,1
S0709,14,2,0,12,0
S0710,11,8,4,3,0
S0711,15,2,1,13,0
S0712,13,4,2,9,0
S0713,18,13,3,5,0
S0714,6,3,0,3,0
S0715,3,1,0,2,0
S0716,19,9,1,10,0
S0717,15,11,1,4,1
S0718,5,1,0,4,0
S0719,10,7,2,3,0
S0720,7,1,0,6,0
S0721,17,12,0,5,0
S0722,7,5,1,2,0
S0723,12,2,0,10,0
S0724,17,7,3,10,0
S0725,13,3,1,10,0
S0726,4,2,0,2,0
S0727,10,5,2,5,0
S0728,3,1,0,2,0
S0729,9,2,0,7,0
S0730,13,3,0,10,0
S0731,18,2,0,16,0
S0732,15,5,0,10,0
S0733,4,2,0,2,0
S0734,15,11,1,4,0
S0735,2,1,0,1,0
S0736,15,6,0,9,0
S0737,8,6,3,2,0
S0738,8,5,0,3,0
S0739,17,14,6,3,0
S0740,12,6,0,6,0
S0741,19,5,2,14,0
S0742,10,1,0,9,0
S0743,9,6,2,3,0
S0744,5,0,0,5,0
S0745,6,2,0,4,0
S0746,2,1,0,1,0
S0747,13,7,3,6,0
S0748,6,3,1,3,0
S0749,5,1,0,4,0
S0750,1,0,0,1,0
S0751,6,3,1,3,0
S0752,6,5,0,1,0
S0753,16,10,3,6,0
S0754,4,3,0,1,0
S0755,11,7,3,4,0
S0756,9,5,0,4,0
S0757,3,0,0,3,0
S0758,19,12,4,7,0
S0759,8,4,1,4,0
S0760,5,2,0,3,0
S0761,4,1,0,3,0
S0762,6,3,0,3,0
S0763,2,0,0,2,0
S0764,11,5,2,6,0
S0765,4,1,0,3,0
S0766,15,11,3,4,0
S0767,6,1,0,5,0
S0768,17,2,0,15,0
S0769,6,2,0,4,0
S0770,19,11,3,8,0
S0771,2,0,0,2,0
S0772,15,4,1,11,0
S0773,11,6,1,5,0
S0774,8,3,0,5,0
S0775,19,16,2,3,1
S0776,13,10,0,3,0
S0777,12,6,2,6,0
S0778,5,1,0,4,0
S0779,6,4,0,2,0
S0780,4,0,0,4,0
S0781,19,9,3,10,0
S0782,1,0,0,1,0
S0783,17,14,4,3,0
S0784,12,1,0,11,0
S0785,15,8,4,7,0
S0786,1,0,0,1,0
S0787,14,6,2,8,0
S0788,6,1,0,5,0
S0789,5,4,2,1,1
S0790,11,5,0,6,0
S0791,4,2,0,2,0
S0792,13,3,0,10,0
S0793,11,5,0,6,0
S0794,3,1,0,2,0
S0795,1,0,0,1,0
S0796,6,1,0,5,0
S0797,18,13,5,5,1
S0798,10,2,0,8,0
S0799,5,1,0,4,0
S0800,10,5,1,5,0
S0801,12,8,3,4,0
S0802,2,0,0,2,0
S0803,13,7,3,6,0
S0804,8,1,0,7,0
S0805,2,0,0,2,0
S0806,1,0,0,1,0
S0807,5,3,0,2,0
S0808,9,1,0,8,0
S0809,17,2,0,15,0
S0810,9,4,0,5,0
S0811,11,8,2,3,0
S0812,15,4,1,11,0
S0813,6,2,0,4,0
S0814,3,0,0,3,0
S0815,17,7,4,10,0
S0816,5,2,0,3,0
S0817,12,6,3,6,0
S0818,18,6,1,12,0
S0819,14,4,1,10,0
S0820,11,2,0,9,0
S0821,9,3,0,6,0
S0822,2,0,0,2,0
S0823,12,8,1,4,0
S0824,3,2,0,1,0
S0825,3,2,0,1,0
S0826,1,0,0,1,0
S0827,8,4,1,4,0
S0828,8,5,1,3,0
S0829,11,3,0,8,0
S0830,9,5,0,4,0
S0831,5,2,0,3,0
S0832,14,6,2,8,0
S0833,3,2,0,1,0
S0834,5,1,0,4,0
S0835,5,1,0,4,0
S0836,19,15,2,4,1
S0837,14,2,1,12,0
S0838,4,1,0,3,0
S0839,13,10,0,3,0
S0840,10,5,2,5,0
S0841,18,9,2,9,0
S0842,8,2,1,6,0
S0843,8,2,0,6,0
S0844,7,5,2,2,1
S0845,8,4,2,4,0
S0846,14,7,0,7,0
S0847,19,3,1,16,0
S0848,6,0,0,6,0
S0849,1,0,0,1,0
S0850,15,6,0,9,0
S0851,1,0,0,1,0
S0852,17,2,0,15,0
S0853,1,0,0,1,0
S0854,15,12,3,3,0
S0855,2,1,0,1,0
S0856,14,2,0,12,0
S0857,8,4,2,4,0
S0858,8,5,1,3,0
S0859,19,8,2,11,0
S0860,7,5,2,2,0
S0861,19,11,5,8,0
S0862,6,4,1,2,0
S0863,6,3,1,3,0
S0864,3,0,0,3,0
S0865,7,2,1,5,0
S0866,19,4,0,15,0
S0867,8,6,1,2,0
S0868,10,7,0,3,0
S0869,15,9,4,6,0
S0870,15,5,1,10,0
S0871,1,0,0,1,0
S0872,7,4,0,3,0
S0873,4,1,0,3,0
S0874,6,1,0,5,0
S0875,1,0,0,1,0
S0876,5,0,0,5,0
S0877,1,0,0,1,0
S0878,4,1,0,3,0
S0879,2,0,0,2,0
S0880,10,8,0,2,0
S0881,5,1,0,4,0
S0882,10,2,0,8,0
S0883,1,0,0,1,0
S0884,6,4,1,2,0
S0885,13,5,1,8,0
S0886,15,8,0,7,0
S0887,4,0,0,4,0
S0888,13,1,0,12,0
S0889,15,6,0,9,0
S0890,8,6,0,2,0
S0891,5,4,1,1,0
S0892,15,2,0,13,0
S0893,4,2,0,2,0
S0894,12,9,3,3,1
S0895,13,5,2,8,0
S0896,2,1,0,1,0
S0897,19,3,0,16,0
S0898,19,16,3,3,0
S0899,4,2,0,2,0
S0900,4,3,0,1,0
S0901,11,7,3,4,0
S0902,5,1,0,4,0
S0903,11,9,0,2,0
S0904,10,3,0,7,0
S0905,8,2,0,6,0
S0906,6,3,0,3,0
S0907,6,4,0,2,0
S0908,8,6,3,2,1
S0909,15,3,0,12,0
S0910,14,10,5,4,1
S0911,11,7,3,4,0
S0912,12,1,0,11,0
S0913,13,5,0,8,0
S0914,8,2,0,6,0
S0915,18,6,1,12,0
S0916,1,0,0,1,0
S0917,15,9,1,6,0
S0918,8,5,0,3,0
S0919,11,9,0,2,0
S0920,12,4,0,8,0
S0921,12,8,3,4,0
S0922,4,1,0,3,0
S0923,16,12,0,4,0
S0924,4,0,0,4,0
S0925,5,4,2,1,0
S0926,5,1,0,4,0
S0927,8,2,0,6,0
S0928,10,7,2,3,0
S0929,17,7,3,10,0
S0930,9,5,2,4,1
S0931,19,8,2,11,0
S0932,14,9,1,5,0
S0933,8,2,0,6,0
S0934,9,1,0,8,0
S0935,11,3,1,8,0
S0936,1,0,0,1,0
S0937,14,3,1,11,0
S0938,5,1,0,4,0
S0939,14,5,0,9,0
S0940,4,0,0,4,0
S0941,1,0,0,1,0
S0942,19,15,7,4,1
S0943,8,1,0,7,0
S0944,15,8,1,7,0
S0945,15,9,2,6,0
S0946,9,3,0,6,0
S0947,9,5,2,4,0
S0948,10,4,1,6,0
S0949,9,4,1,5,0
S0950,3,0,0,3,0
S0951,11,7,3,4,1
S0952,6,3,0,3,0
S0953,2,0,0,2,0
S0954,7,2,0,5,0
S0955,18,15,4,3,0
S0956,2,0,0,2,0
S0957,17,8,2,9,0
S0958,11,9,1,2,0
S0959,12,8,1,4,0
S0960,19,10,5,9,0
S0961,7,5,0,2,0
S0962,6,4,1,2,0
S0963,1,0,0,1,0
S0964,17,8,0,9,0
S0965,11,4,1,7,0
S0966,18,15,2,3,0
S0967,17,11,0,6,0
S0968,7,1,0,6,0
S0969,17,13,7,4,0
S0970,9,4,0,5,0
S0971,17,2,0,15,0
S0972,8,4,1,4,0
S0973,17,7,3,10,0
S0974,7,5,0,2,1
S0975,1,0,0,1,0
S0976,13,9,3,4,0
S0977,19,10,4,9,0
S0978,19,2,1,17,0
S0979,17,14,6,3,1
S0980,13,6,0,7,0
S0981,16,5,1,11,0
S0982,8,3,0,5,0
S0983,19,14,2,5,0
S0984,18,6,1,12,0
S0985,1,0,0,1,0
S0986,14,2,0,12,0
S0987,19,6,3,13,0
S0988,15,10,0,5,0
S0989,18,8,4,10,0
S0990,2,0,0,2,0
S0991,17,3,1,14,0
S0992,18,6,2,12,0
S0993,6,5,1,1,0
S0994,19,7,1,12,0
S0995,4,3,0,1,0
S0996,1,0,0,1,0
S0997,8,1,0,7,0
S0998,7,5,2,2,0
S0999,3,1,0,2,0
S1000,10,6,0,4,0
S1001,10,8,2,2,0
S1002,19,2,0,17,0
S1003,14,2,0,12,0
S1004,2,1,0,1,0
S1005,1,0,0,1,0
S1006,18,4,0,14,0
S1007,7,0,0,7,0
S1008,8,0,0,8,0
S1009,1,0,0,1,0
S1010,3,0,0,3,0
S1011,8,3,1,5,0
S1012,15,8,1,7,0
S1013,5,2,0,3,0
S1014,3,0,0,3,0
S1015,19,13,7,6,1
S1016,1,0,0,1,0
S1017,15,10,0,5,0
S1018,8,6,3,2,0
S1019,2,0,0,2,0
S1020,3,1,0,2,0
S1021,14,6,3,8,0
S1022,14,5,0,9,0
S1023,11,8,4,3,1
S1024,16,13,2,3,1
S1025,4,1,0,3,0
S1026,5,2,0,3,0
S1027,14,11,6,3,0
S1028,16,13,0,3,0
S1029,18,9,3,9,0
S1030,7,3,0,4,0
S1031,10,3,0,7,0
S1032,7,6,0,1,0
S1033,1,0,0,1,0
S1034,19,10,1,9,0
S1035,16,5,1,11,0
S1036,19,6,0,13,0
S1037,4,1,0,3,0
S1038,18,16,0,2,1
S1039,2,0,0,2,0
S1040,1,0,0,1,0
S1041,15,2,0,13,0
S1042,5,1,0,4,0
S1043,11,4,1,7,0
S1044,10,5,2,5,0
S1045,2,0,0,2,0
S1046,3,1,0,2,0
S1047,12,2,0,10,0
S1048,5,1,0,4,0
S1049,5,4,0,1,0
S1050,6,5,2,1,1
S1051,9,3,0,6,0
S1052,2,1,0,1,0
S1053,12,9,1,3,0
S1054,3,0,0,3,0
S1055,12,8,0,4,0
S1056,17,14,4,3,0
S1057,10,1,0,9,0
S1058,14,3,1,11,0
S1059,17,14,7,3,0
S1060,18,9,2,9,0
S1061,19,2,0,17,0
S1062,17,5,2,12,0
S1063,14,6,1,8,0
S1064,9,5,1,4,0
S1065,8,5,1,3,0
S1066,2,1,0,1,0
S1067,13,4,0,9,0
S1068,7,3,1,4,0
S1069,9,4,1,5,0
S1070,11,4,0,7,0
S1071,14,3,1,11,0
S1072,4,3,0,1,0
S1073,13,10,0,3,0
S1074,2,0,0,2,0
S1075,5,2,1,3,0
S1076,11,3,1,8,0
S1077,6,3,1,3,0
S1078,18,11,5,7,0
S1079,10,5,0,5,0
S1080,4,3,0,1,0
S1081,9,5,2,4,0
S1082,6,2,0,4,0
S1083,2,1,0,1,0
S1084,17,4,1,13,0
S1085,5,2,0,3,0
S1086,6,2,1,4,0
S1087,12,5,1,7,0
S1088,10,7,1,3,0
S1089,6,2,1,4,0
S1090,8,5,1,3,0
S1091,2,1,0,1,0
S1092,12,4,1,8,0
S1093,13,9,4,4,1
S1094,7,2,0,5,0
S1095,10,2,0,8,0
S1096,13,6,2,7,0
S1097,17,5,0,12,0
S1098,14,1,0,13,0
S1099,2,1,0,1,0
S1100,11,5,0,6,0
S1101,1,0,0,1,0
S1102,19,16,9,3,1
S1103,4,2,1,2,0
S1104,19,15,8,4,1
S1105,11,2,1,9,0
S1106,8,4,1,4,0
S1107,11,8,3,3,1
S1108,4,2,0,2,0
S1109,17,11,0,6,0
S1110,7,2,0,5,0
S1111,8,1,0,7,0
S1112,3,1,0,2,0
S1113,2,0,0,2,0
S1114,15,11,3,4,0
S1115,5,1,0,4,0
S1116,1,0,0,1,0
S1117,4,3,0,1,0
S1118,15,4,0,11,0
S1119,19,7,4,12,0
S1120,3,2,0,1,0
S1121,11,9,1,2,1
S1122,17,7,2,10,0
S1123,13,4,1,9,0
S1124,11,5,0,6,0
S1125,2,1,0,1,0
S1126,9,2,0,7,0
S1127,2,1,0,1,0
S1128,9,1,0,8,0
S1129,9,1,0,8,0
S1130,8,3,1,5,0
S1131,17,6,2,11,0
S1132,1,0,0,1,0
S1133,11,5,1,6,0
S1134,8,2,0,6,0
S1135,10,2,0,8,0
S1136,7,2,0,5,0
S1137,3,2,0,1,0
S1138,3,1,0,2,0
S1139,18,8,3,10,0
S1140,5,2,1,3,0
S1141,12,10,1,2,0
S1142,12,3,1,9,0
S1143,19,12,0,7,0
S1144,6,4,2,2,0
S1145,2,1,0,1,0
S1146,12,2,0,10,0
S1147,19,12,4,7,1
S1148,5,0,0,5,0
S1149,12,6,3,6,0
S1150,17,11,2,6,0
S1151,17,4,0,13,0
S1152,10,7,2,3,0
S1153,17,2,0,15,0
S1154,15,11,2,4,0
S1155,12,5,2,7,0
S1156,16,4,1,12,0
S1157,19,3,1,16,0
S1158,8,6,3,2,0
S1159,17,2,0,15,0
S1160,5,1,0,4,0
S1161,16,6,1,10,0
S1162,6,3,1,3,0
S1163,8,4,1,4,0
S1164,18,3,1,15,0
S1165,12,3,1,9,0
S1166,15,4,2,11,0
S1167,9,2,1,7,0
S1168,13,5,2,8,0
S1169,15,9,4,6,0
S1170,10,2,0,8,0
S1171,16,6,0,10,0
S1172,7,2,0,5,0
S1173,17,14,0,3,0
S1174,7,6,1,1,1
S1175,14,10,3,4,0
S1176,15,4,1,11,0
S1177,7,1,0,6,0
S1178,9,3,1,6,0
S1179,19,5,0,14,0
S1180,16,8,1,8,0
S1181,8,5,1,3,0
S1182,18,14,3,4,0
S1183,18,13,6,5,0
S1184,7,2,0,5,0
S1185,3,1,0,2,0
S1186,18,6,3,12,0
S1187,10,1,0,9,0
S1188,7,4,0,3,0
S1189,17,1,0,16,0
S1190,14,5,1,9,0
S1191,3,1,0,2,0
S1192,12,7,0,5,0
S1193,13,9,2,4,0
S1194,2,0,0,2,0
S1195,3,2,0,1,0
S1196,5,1,0,4,0
S1197,11,5,2,6,0
S1198,8,5,0,3,0
S1199,12,7,0,5,0
S1200,7,6,3,1,0
S1201,15,4,0,11,0
S1202,17,10,5,7,0
S1203,4,2,0,2,0
S1204,13,10,1,3,1
S1205,18,4,0,14,0
S1206,1,0,0,1,0
S1207,16,8,1,8,0
S1208,13,4,0,9,0
S1209,10,4,1,6,0
S1210,12,4,0,8,0
S1211,2,1,0,1,0
S1212,3,2,0,1,0
S1213,10,5,0,5,0
S1214,2,1,0,1,0
S1215,13,6,0,7,0
S1216,13,1,0,12,0
S1217,18,5,2,13,0
S1218,3,1,0,2,0
S1219,7,2,0,5,0
S1220,14,3,0,11,0
S1221,17,8,2,9,0
S1222,12,4,1,8,0
S1223,16,4,1,12,0
S1224,12,5,0,7,0
S1225,15,3,0,12,0
S1226,10,8,2,2,1
S1227,7,5,0,2,0
S1228,5,3,0,2,0
S1229,1,0,0,1,0
S1230,17,12,3,5,0
S1231,3,2,0,1,0
S1232,13,9,2,4,0
S1233,14,2,0,12,0
S1234,18,11,4,7,0
S1235,4,3,0,1,0
S1236,18,10,4,8,0
S1237,5,3,1,2,0
S1238,16,7,1,9,0
S1239,1,0,0,1,0
S1240,14,1,0,13,0
S1241,15,9,3,6,0
S1242,9,1,0,8,0
S1243,15,6,3,9,0
S1244,17,5,0,12,0
S1245,4,2,0,2,0
S1246,12,2,0,10,0
S1247,5,3,1,2,0
S1248,5,3,0,2,0
S1249,11,2,0,9,0
S1250,6,1,0,5,0
S1251,7,1,0,6,0
S1252,14,11,0,3,0
S1253,11,5,1,6,0
S1254,13,6,1,7,0
S1255,2,0,0,2,0
S1256,7,4,1,3,0
S1257,4,3,1,1,1
S1258,8,6,2,2,0
S1259,19,11,5,8,0
S1260,13,2,0,11,0
S1261,14,2,1,12,0
S1262,10,1,0,9,0
S1263,11,3,0,8,0
S1264,2,0,0,2,0
S1265,9,2,0,7,0
S1266,17,6,1,11,0
S1267,3,2,0,1,0
S1268,6,3,1,3,0
S1269,5,3,1,2,0
S1270,5,3,0,2,0
S1271,15,2,0,13,0
S1272,17,11,5,6,0
S1273,9,2,0,7,0
S1274,3,1,0,2,0
S1275,17,6,0,11,0
S1276,10,8,4,2,1
S1277,3,0,0,3,0
S1278,18,5,0,13,0
S1279,18,15,0,3,0
S1280,17,2,0,15,0
S1281,3,1,0,2,0
S1282,3,2,0,1,0
S1283,6,4,2,2,0
S1284,13,11,3,2,0
S1285,15,13,4,2,1
S1286,9,1,0,8,0
S1287,4,3,0,1,0
S1288,14,8,1,6,0
S1289,5,3,1,2,0
S1290,2,0,0,2,0
S1291,11,6,3,5,0
S1292,9,7,3,2,1
S1293,3,2,0,1,0
S1294,9,4,1,5,0
S1295,3,0,0,3,0
S1296,2,0,0,2,0
S1297,12,9,2,3,0
S1298,10,6,1,4,0
S1299,9,4,1,5,0
S1300,15,2,0,13,0
S1301,8,3,0,5,0
S1302,5,2,1,3,0
S1303,11,9,4,2,1
S1304,2,1,0,1,0
S1305,15,5,2,10,0
S1306,6,3,1,3,0
S1307,8,1,0,7,0
S1308,5,4,0,1,0
S1309,16,6,3,10,0
S1310,18,8,3,10,0
S1311,6,2,0,4,0
S1312,5,3,1,2,1
S1313,16,10,0,6,0
S1314,13,8,2,5,0
S1315,5,1,0,4,0
S1316,13,4,0,9,0
S1317,17,3,1,14,0
S1318,18,11,6,7,0
S1319,8,1,0,7,0
S1320,13,7,0,6,0
S1321,19,15,5,4,0
S1322,3,2,1,1,1
S1323,8,3,1,5,0
S1324,2,0,0,2,0
S1325,8,1,0,7,0
S1326,13,8,3,5,0
S1327,13,9,0,4,0
S1328,1,0,0,1,0
S1329,6,2,0,4,0
S1330,19,14,4,5,0
S1331,16,12,6,4,0
S1332,8,2,1,6,0
S1333,1,0,0,1,0
S1334,16,4,0,12,0
S1335,9,1,0,8,0
S1336,13,10,1,3,0
S1337,11,8,2,3,0
S1338,13,9,4,4,0
S1339,10,1,0,9,0
S1340,4,3,1,1,1
S1341,6,2,1,4,0
S1342,7,2,0,5,0
S1343,5,2,0,3,0
S1344,11,1,0,10,0
S1345,13,9,2,4,1
S1346,19,10,4,9,0
S1347,10,2,0,8,0
S1348,10,2,0,8,0
S1349,11,2,0,9,0
S1350,7,1,0,6,0
S1351,18,10,2,8,0
S1352,4,3,1,1,0
S1353,2,0,0,2,0
S1354,14,1,0,13,0
S1355,13,7,2,6,0
S1356,12,9,4,3,0
S1357,7,2,0,5,0
S1358,2,0,0,2,0
S1359,13,7,0,6,0
S1360,14,4,0,10,0
S1361,17,2,1,15,0
S1362,9,6,3,3,0
S1363,17,10,5,7,0
S1364,8,4,1,4,0
S1365,2,1,0,1,0
S1366,13,8,3,5,0
S1367,3,0,0,3,0
S1368,16,6,2,10,0
S1369,6,1,0,5,0
S1370,19,3,1,16,0
S1371,7,4,1,3,0
S1372,10,7,2,3,1
S1373,9,7,1,2,0
S1374,2,1,0,1,0
S1375,15,3,0,12,0
S1376,5,0,0,5,0
S1377,4,3,1,1,0
S1378,4,2,0,2,0
S1379,18,10,3,8,0
S1380,4,2,0,2,0
S1381,17,11,0,6,0
S1382,12,9,1,3,0
S1383,17,2,0,15,0
S1384,10,6,0,4,0
S1385,1,0,0,1,0
S1386,18,5,0,13,0
S1387,18,11,1,7,0
S1388,14,4,0,10,0
S1389,15,12,0,3,0
S1390,12,1,0,11,0
S1391,4,2,1,2,0
S1392,3,0,0,3,0
S1393,12,8,0,4,0
S1394,7,1,0,6,0
S1395,11,3,0,8,0
S1396,1,0,0,1,0
S1397,6,4,0,2,0
S1398,15,4,1,11,0
S1399,15,3,0,12,0
S1400,19,13,2,6,0
S1401,11,5,1,6,0
S1402,2,1,0,1,0
S1403,14,3,1,11,0
S1404,2,1,0,1,0
S1405,4,1,0,3,0
S1406,17,3,0,14,0
S1407,3,1,0,2,0
S1408,13,7,0,6,0
S1409,9,6,3,3,1
S1410,7,2,0,5,0
S1411,15,6,3,9,0
S1412,11,4,1,7,0
S1413,2,1,0,1,0
S1414,15,5,1,10,0
S1415,14,4,0,10,0
S1416,11,4,1,7,0
S1417,3,1,0,2,0
S1418,17,5,2,12,0
S1419,12,9,0,3,0
S1420,15,4,1,11,0
S1421,16,13,4,3,0
S1422,5,0,0,5,0
S1423,6,3,1,3,0
S1424,19,15,1,4,0
S1425,5,1,0,4,0
S1426,3,2,0,1,0
S1427,1,0,0,1,0
S1428,6,5,2,1,0
S1429,15,9,5,6,0
S1430,2,0,0,2,0
S1431,3,0,0,3,0
S1432,17,5,0,12,0
S1433,12,2,0,10,0
S1434,18,3,0,15,0
S1435,15,2,0,13,0
S1436,12,5,0,7,0
S1437,16,11,3,5,1
S1438,8,1,0,7,0
S1439,14,2,0,12,0
S1440,17,10,2,7,0
S1441,8,2,0,6,0
S1442,15,2,0,13,0
S1443,14,3,0,11,0
S1444,18,15,5,3,1
S1445,7,5,1,2,0
S1446,3,1,0,2,0
S1447,12,7,3,5,1
S1448,3,1,0,2,0
S1449,14,8,1,6,0
S1450,15,9,1,6,0
S1451,14,8,3,6,0
S1452,7,2,0,5,0
S1453,17,2,0,15,0
S1454,12,5,0,7,0
S1455,4,3,0,1,0
S1456,9,5,2,4,0
S1457,6,4,0,2,0
S1458,16,14,4,2,1
S1459,2,0,0,2,0
S1460,8,5,1,3,0
S1461,11,7,3,4,0
S1462,13,11,5,2,1
S1463,17,15,4,2,0
S1464,8,5,0,3,0
S1465,18,5,1,13,0
S1466,18,13,4,5,0
S1467,14,2,0,12,0
S1468,15,10,3,5,0
S1469,6,4,0,2,0
S1470,11,4,1,7,0
S1471,13,7,0,6,0
S1472,1,0,0,1,0
S1473,6,2,0,4,0
S1474,9,3,1,6,0
S1475,8,5,0,3,0
S1476,11,9,2,2,0
S1477,19,16,6,3,1
S1478,9,2,0,7,0
S1479,17,13,6,4,0
S1480,12,8,3,4,1
S1481,14,4,1,10,0
S1482,15,2,0,13,0
S1483,16,5,1,11,0
S1484,1,0,0,1,0
S1485,10,6,1,4,0
S1486,8,5,2,3,0
S1487,18,5,1,13,0
S1488,1,0,0,1,0
S1489,2,0,0,2,0
S1490,1,0,0,1,0
S1491,1,0,0,1,0
S1492,9,1,0,8,0
S1493,13,9,4,4,0
S1494,1,0,0,1,0
S1495,13,8,4,5,0
S1496,7,2,0,5,0
S1497,2,1,0,1,0
S1498,6,1,0,5,0
S1499,7,0,0,7,0
S1500,14,11,0,3,0
S1501,18,5,0,13,0
S1502,15,11,0,4,0
S1503,2,1,0,1,0
S1504,10,2,0,8,0
S1505,12,3,1,9,0
S1506,17,10,2,7,0
S1507,8,6,2,2,0
S1508,11,9,0,2,0
S1509,3,1,0,2,0
S1510,6,4,0,2,0
S1511,9,1,0,8,0
S1512,6,5,1,1,0
S1513,9,7,3,2,0
S1514,7,1,0,6,0
S1515,9,3,0,6,0
S1516,18,3,1,15,0
S1517,12,3,0,9,0
S1518,8,6,3,2,1
S1519,8,3,1,5,0
S1520,18,3,0,15,0
S1521,15,5,0,10,0
S1522,7,6,1,1,0
S1523,11,6,2,5,1
S1524,16,6,2,10,0
S1525,4,0,0,4,0
S1526,6,5,2,1,0
S1527,3,2,0,1,0
S1528,9,2,0,7,0
S1529,10,1,0,9,0
S1530,14,2,0,12,0
S1531,11,2,1,9,0
S1532,18,10,4,8,0
S1533,12,10,1,2,0
S1534,12,5,1,7,0
S1535,13,10,2,3,0
S1536,13,5,0,8,0
S1537,19,12,6,7,0
S1538,19,13,1,6,0
S1539,14,3,1,11,0
S1540,4,1,0,3,0
S1541,13,7,0,6,0
S1542,8,1,0,7,0
S1543,19,7,3,12,0
S1544,12,6,1,6,0
S1545,18,16,2,2,0
S1546,6,2,0,4,0
S1547,18,13,2,5,0
S1548,19,8,1,11,0
S1549,5,3,0,2,0
S1550,9,5,2,4,0
S1551,3,2,0,1,0
S1552,10,4,2,6,0
S1553,19,11,4,8,0
S1554,3,1,0,2,0
S1555,15,6,3,9,0
S1556,1,0,0,1,0
S1557,7,1,0,6,0
S1558,12,1,0,11,0
S1559,17,13,1,4,0
S1560,5,1,0,4,0
S1561,4,1,0,3,0
S1562,12,8,4,4,1
S1563,18,6,3,12,0
S1564,17,8,0,9,0
S1565,19,4,1,15,0
S1566,9,7,1,2,0
S1567,4,3,1,1,0
S1568,2,1,0,1,0
S1569,4,1,0,3,0
S1570,2,1,0,1,0
S1571,15,3,1,12,0
S1572,2,0,0,2,0
S1573,4,0,0,4,0
S1574,6,3,1,3,0
S1575,7,3,1,4,0
S1576,10,5,1,5,0
S1577,19,2,0,17,0
S1578,19,8,2,11,0
S1579,12,8,0,4,0
S1580,3,1,0,2,0
S1581,13,8,0,5,0
S1582,18,5,2,13,0
S1583,8,6,1,2,0
S1584,15,8,1,7,0
S1585,1,0,0,1,0
S1586,3,0,0,3,0
S1587,8,4,1,4,0
S1588,4,3,0,1,0
S1589,16,6,3,10,0
S1590,10,3,0,7,0
S1591,12,9,2,3,0
S1592,14,8,2,6,0
S1593,14,6,0,8,0
S1594,2,0,0,2,0
S1595,5,1,0,4,0
S1596,5,3,0,2,0
S1597,6,2,0,4,0
S1598,13,11,3,2,0
S1599,9,4,1,5,0
S1600,15,7,2,8,0
S1601,14,7,0,7,0
S1602,7,5,0,2,0
S1603,2,1,0,1,0
S1604,7,3,0,4,0
S1605,6,4,2,2,0
S1606,17,9,0,8,0
S1607,2,0,0,2,0
S1608,3,0,0,3,0
S1609,5,2,0,3,0
S1610,5,1,0,4,0
S1611,1,0,0,1,0
S1612,8,2,0,6,0
S1613,12,10,0,2,0
S1614,4,2,0,2,0
S1615,13,7,2,6,0
S1616,15,8,2,7,0
S1617,11,2,0,9,0
S1618,10,4,1,6,0
S1619,3,0,0,3,0
S1620,14,8,1,6,0
S1621,16,7,1,9,0
S1622,10,7,1,3,0
S1623,10,2,1,8,0
S1624,12,2,0,10,0
S1625,9,3,0,6,0
S1626,1,0,0,1,0
S1627,5,3,0,2,0
S1628,8,3,1,5,0
S1629,11,5,2,6,0
S1630,12,2,0,10,0
S1631,1,0,0,1,0
S1632,11,6,1,5,0
S1633,5,1,0,4,0
S1634,15,8,1,7,0
S1635,5,0,0,5,0
S1636,12,10,3,2,0
S1637,5,1,0,4,0
S1638,17,10,0,7,0
S1639,17,5,2,12,0
S1640,12,8,1,4,0
S1641,15,10,5,5,1
S1642,15,9,2,6,1
S1643,6,3,1,3,0
S1644,12,9,4,3,1
S1645,18,2,1,16,0
S1646,14,5,1,9,0
S1647,2,0,0,2,0
S1648,9,8,3,1,0
S1649,5,2,0,3,0
S1650,1,0,0,1,0
S1651,3,1,0,2,0
S1652,6,1,0,5,0
S1653,5,1,0,4,0
S1654,5,1,0,4,0
S1655,1,0,0,1,0
S1656,17,4,1,13,0
S1657,19,2,0,17,0
S1658,14,11,2,3,0
S1659,12,10,2,2,0
S1660,10,3,1,7,0
S1661,18,6,0,12,0
S1662,11,1,0,10,0
S1663,2,1,0,1,0
S1664,18,13,7,5,0
S1665,7,1,0,6,0
S1666,15,3,1,12,0
S1667,11,8,1,3,0
S1668,18,10,0,8,0
S1669,12,1,0,11,0
S1670,6,3,1,3,0
S1671,13,4,0,9,0
S1672,16,6,2,10,0
S1673,18,12,4,6,0
S1674,10,7,3,3,1
S1675,8,3,0,5,0
S1676,18,15,4,3,0
S1677,1,0,0,1,0
S1678,8,5,1,3,0
S1679,6,2,1,4,0
S1680,5,4,0,1,0
S1681,15,12,1,3,1
S1682,15,2,0,13,0
S1683,2,1,0,1,0
S1684,1,0,0,1,0
S1685,11,8,1,3,0
S1686,10,2,1,8,0
S1687,18,13,1,5,0
S1688,18,14,5,4,0
S1689,17,5,2,12,0
S1690,8,6,1,2,0
S1691,15,2,1,13,0
S1692,8,1,0,7,0
S1693,17,9,2,8,0
S1694,12,6,2,6,0
S1695,8,4,1,4,0
S1696,14,1,0,13,0
S1697,4,3,1,1,0
S1698,1,0,0,1,0
S1699,1,0,0,1,0
S1700,19,2,0,17,0
S1701,16,8,0,8,0
S1702,14,11,0,3,0
S1703,16,10,5,6,1
S1704,5,3,1,2,0
S1705,9,0,0,9,0
S1706,2,1,0,1,0
S1707,18,8,4,10,0
S1708,6,2,0,4,0
S1709,9,1,0,8,0
S1710,1,0,0,1,0
S1711,9,4,2,5,0
S1712,16,11,4,5,1
S1713,13,6,0,7,0
S1714,9,1,0,8,0
S1715,13,8,2,5,0
S1716,9,2,0,7,0
S1717,11,8,2,3,0
S1718,4,2,0,2,0
S1719,2,0,0,2,0
S1720,6,5,2,1,0
S1721,14,7,2,7,0
S1722,4,0,0,4,0
S1723,6,3,1,3,0
S1724,19,5,1,14,0
S1725,6,4,1,2,0
S1726,2,1,0,1,0
S1727,18,15,8,3,1
S1728,13,6,0,7,0
S1729,9,4,2,5,0
S1730,19,13,7,6,1
S1731,13,2,0,11,0
S1732,11,5,2,6,0
S1733,1,0,0,1,0
S1734,7,1,0,6,0
S1735,15,6,2,9,0
S1736,1,0,0,1,0
S1737,12,9,4,3,1
S1738,7,1,0,6,0
S1739,15,2,0,13,0
S1740,19,5,1,14,0
S1741,1,0,0,1,0
S1742,17,3,0,14,0
S1743,17,11,5,6,0
S1744,3,0,0,3,0
S1745,12,7,1,5,0
S1746,6,2,0,4,0
S1747,11,8,1,3,0
S1748,3,0,0,3,0
S1749,8,4,1,4,0
S1750,14,4,2,10,0
S1751,14,9,3,5,0
S1752,10,7,1,3,1
S1753,2,0,0,2,0
S1754,14,11,5,3,1
S1755,9,5,1,4,0
S1756,3,0,0,3,0
S1757,8,3,1,5,0
S1758,16,3,1,13,0
S1759,2,1,0,1,0
S1760,6,4,1,2,0
S1761,12,2,0,10,0
S1762,5,2,0,3,0
S1763,2,1,0,1,0
S1764,16,13,1,3,0
S1765,5,2,0,3,0
S1766,15,12,0,3,0
S1767,12,6,2,6,0
S1768,4,1,0,3,0
S1769,15,11,6,4,0
S1770,11,5,1,6,0
S1771,16,7,2,9,0
S1772,6,2,1,4,0
S1773,14,10,1,4,0
S1774,18,13,5,5,1
S1775,12,5,2,7,0
S1776,11,4,0,7,0
S1777,13,6,3,7,0
S1778,11,6,2,5,0
S1779,16,4,0,12,0
S1780,15,11,0,4,0
S1781,15,7,0,8,0
S1782,4,1,0,3,0
S1783,11,2,0,9,0
S1784,19,5,1,14,0
S1785,15,12,1,3,0
S1786,4,1,0,3,0
S1787,13,3,0,10,0
S1788,19,8,0,11,0
S1789,2,0,0,2,0
S1790,14,1,0,13,0
S1791,4,1,0,3,0
S1792,16,8,1,8,0
S1793,14,7,0,7,0
S1794,15,5,2,10,0
S1795,3,1,0,2,0
S1796,8,6,1,2,0
S1797,16,6,1,10,0
S1798,10,3,1,7,0
S1799,4,1,0,3,0
S1800,18,8,1,10,0
S1801,2,1,0,1,0
S1802,17,4,1,13,0
S1803,13,8,2,5,0
S1804,4,0,0,4,0
S1805,11,4,2,7,0
S1806,7,5,2,2,1
S1807,12,4,0,8,0
S1808,10,5,0,5,0
S1809,7,1,0,6,0
S1810,13,9,1,4,0
S1811,7,0,0,7,0
S1812,17,13,6,4,0
S1813,10,2,0,8,0
S1814,10,7,4,3,0
S1815,4,1,0,3,0
S1816,4,2,1,2,0
S1817,7,2,0,5,0
S1818,1,0,0,1,0
S1819,12,2,0,10,0
S1820,13,3,0,10,0
S1821,10,4,1,6,0
S1822,15,2,0,13,0
S1823,13,3,0,10,0
S1824,9,7,2,2,1
S1825,9,7,2,2,1
S1826,15,6,0,9,0
S1827,10,8,0,2,0
S1828,10,5,1,5,0
S1829,8,2,0,6,0
S1830,16,10,5,6,0
S1831,17,10,5,7,0
S1832,5,4,1,1,0
S1833,4,1,0,3,0
S1834,18,11,2,7,0
S1835,19,2,0,17,0
S1836,4,0,0,4,0
S1837,7,0,0,7,0
S1838,10,8,3,2,0
S1839,18,13,0,5,0
S1840,19,13,5,6,0
S1841,4,2,1,2,0
S1842,10,3,0,7,0
S1843,1,0,0,1,0
S1844,18,5,2,13,0
S1845,5,2,0,3,0
S1846,15,10,1,5,0
S1847,17,9,1,8,0
S1848,3,0,0,3,0
S1849,12,1,0,11,0
S1850,2,0,0,2,0
S1851,1,0,0,1,0
S1852,17,14,7,3,1
S1853,16,9,3,7,0
S1854,5,3,1,2,0
S1855,15,7,3,8,0
S1856,3,1,0,2,0
S1857,7,1,0,6,0
S1858,11,8,3,3,1
S1859,10,7,0,3,0
S1860,9,2,0,7,0
S1861,14,7,1,7,0
S1862,13,6,1,7,0
S1863,2,1,0,1,0
S1864,3,2,1,1,1
S1865,7,3,0,4,0
S1866,18,9,3,9,0
S1867,3,0,0,3,0
S1868,10,1,0,9,0
S1869,7,1,0,6,0
S1870,9,1,0,8,0
S1871,17,11,6,6,0
S1872,11,7,0,4,0
S1873,7,1,0,6,0
S1874,14,10,4,4,1
S1875,19,4,0,15,0
S1876,4,1,0,3,0
S1877,6,1,0,5,0
S1878,10,3,1,7,0
S1879,7,2,0,5,0
S1880,13,6,1,7,0
S1881,14,5,0,9,0
S1882,4,3,0,1,0
S1883,8,1,0,7,0
S1884,5,1,0,4,0
S1885,1,0,0,1,0
S1886,4,2,0,2,0
S1887,3,0,0,3,0
S1888,9,6,2,3,1
S1889,8,4,2,4,0
S1890,1,0,0,1,0
S1891,6,3,1,3,0
S1892,9,2,1,7,0
S1893,7,1,0,6,0
S1894,4,1,0,3,0
S1895,13,7,3,6,0
S1896,17,4,2,13,0
S1897,2,0,0,2,0
S1898,5,4,1,1,1
S1899,12,1,0,11,0
S1900,8,5,2,3,1
S1901,6,4,0,2,0
S1902,8,2,0,6,0
S1903,18,3,0,15,0
S1904,3,0,0,3,0
S1905,12,7,2,5,0
S1906,3,1,0,2,0
S1907,6,4,0,2,0
S1908,2,1,0,1,0
S1909,12,7,0,5,0
S1910,2,0,0,2,0
S1911,6,1,0,5,0
S1912,17,13,2,4,0
S1913,3,0,0,3,0
S1914,2,0,0,2,0
S1915,8,5,0,3,0
S1916,12,5,1,7,0
S1917,4,3,1,1,1
S1918,5,3,1,2,0
S1919,13,2,1,11,0
S1920,15,12,6,3,0
S1921,16,4,1,12,0
S1922,10,3,0,7,0
S1923,16,6,0,10,0
S1924,12,1,0,11,0
S1925,17,8,0,9,0
S1926,16,3,1,13,0
S1927,12,5,1,7,0
S1928,8,3,0,5,0
S1929,3,2,1,1,0
S1930,16,11,1,5,0
S1931,13,2,0,11,0
S1932,19,7,2,12,0
S1933,8,3,0,5,0
S1934,5,1,0,4,0
S1935,8,5,0,3,1
S1936,12,7,1,5,0
S1937,1,0,0,1,0
S1938,6,2,1,4,0
S1939,18,3,0,15,0
S1940,8,4,1,4,0
S1941,7,1,0,6,0
S1942,1,0,0,1,0
S1943,16,11,1,5,0
S1944,12,4,1,8,0
S1945,6,3,1,3,0
S1946,2,1,0,1,0
S1947,14,7,0,7,0
S1948,4,0,0,4,0
S1949,1,0,0,1,0
S1950,18,13,3,5,1
S1951,13,7,2,6,0
S1952,2,1,0,1,0
S1953,9,7,1,2,1
S1954,2,1,0,1,0
S1955,9,7,0,2,0
S1956,1,0,0,1,0
S1957,11,5,0,6,0
S1958,3,2,0,1,0
S1959,4,2,0,2,0
S1960,18,10,4,8,0
S1961,6,1,0,5,0
S1962,3,2,0,1,0
S1963,11,7,1,4,0
S1964,15,2,1,13,0
S1965,5,2,0,3,0
S1966,10,2,0,8,0
S1967,12,4,2,8,0
S1968,15,1,0,14,0
S1969,17,7,1,10,0
S1970,10,5,2,5,0
S1971,6,3,0,3,0
S1972,18,11,2,7,0
S1973,13,9,4,4,0
S1974,3,0,0,3,0
S1975,10,1,0,9,0
S1976,14,10,1,4,0
S1977,6,1,0,5,0
S1978,3,2,0,1,0
S1979,16,12,5,4,0
S1980,7,3,1,4,0
S1981,14,12,4,2,0
S1982,9,1,0,8,0
S1983,15,5,2,10,0
S1984,3,1,0,2,0
S1985,2,0,0,2,0
S1986,2,1,0,1,0
S1987,3,0,0,3,0
S1988,18,9,0,9,0
S1989,14,8,0,6,0
S1990,18,11,1,7,0
S1991,10,3,0,7,0
S1992,2,0,0,2,0
S1993,1,0,0,1,0
S1994,4,1,0,3,0
S1995,14,10,1,4,0
S1996,1,0,0,1,0
S1997,14,9,5,5,0
S1998,16,10,0,6,0
S1999,14,3,1,11,0
S2000,3,1,0,2,0
S2001,3,2,1,1,1
S2002,9,4,0,5,0
S2003,6,5,1,1,0
S2004,13,6,2,7,0
S2005,2,0,0,2,0
S2006,8,3,0,5,0
S2007,2,1,0,1,0
S2008,4,1,0,3,0
S2009,15,11,0,4,0
S2010,4,3,0,1,0
S2011,13,4,1,9,0
S2012,12,1,0,11,0
S2013,13,8,3,5,0
S2014,14,4,0,10,0
S2015,18,13,3,5,1
S2016,6,2,0,4,0
S2017,11,5,1,6,0
S2018,2,1,0,1,0
S2019,19,7,0,12,0
S2020,19,8,0,11,0
S2021,5,2,1,3,0
S2022,19,7,0,12,0
S2023,2,1,0,1,0
S2024,10,7,0,3,0
S2025,2,0,0,2,0
S2026,11,5,1,6,0
S2027,18,11,3,7,0
S2028,15,4,2,11,0
S2029,9,2,1,7,0
S2030,19,16,7,3,1
S2031,9,6,2,3,0
S2032,3,1,0,2,0
S2033,9,5,1,4,0
S2034,14,1,0,13,0
S2035,19,11,3,8,0
S2036,7,3,1,4,0
S2037,16,8,1,8,0
S2038,16,6,0,10,0
S2039,1,0,0,1,0
S2040,4,1,0,3,0
S2041,4,3,0,1,0
S2042,7,2,0,5,0
S2043,8,3,1,5,0
S2044,17,2,0,15,0
S2045,5,0,0,5,0
S2046,7,4,0,3,0
S2047,4,2,1,2,0
S2048,6,3,1,3,0
S2049,7,2,0,5,0
S2050,18,12,4,6,0
S2051,5,1,0,4,0
S2052,3,0,0,3,0
S2053,7,3,1,4,0
S2054,14,4,0,10,0
S2055,7,2,0,5,0
S2056,5,3,0,2,0
S2057,5,3,0,2,0
S2058,2,1,0,1,0
S2059,6,2,0,4,0
S2060,15,2,1,13,0
S2061,10,3,1,7,0
S2062,7,6,0,1,1
S2063,5,2,0,3,0
S2064,1,0,0,1,0
S2065,13,1,0,12,0
S2066,18,9,0,9,0
S2067,13,1,0,12,0
S2068,18,9,3,9,0
S2069,5,4,1,1,0
S2070,13,11,0,2,0
S2071,4,2,0,2,0
S2072,17,7,3,10,0
S2073,3,2,0,1,0
S2074,17,10,3,7,0
S2075,11,1,0,10,0
S2076,4,1,0,3,0
S2077,2,0,0,2,0
S2078,16,7,1,9,0
S2079,18,8,1,10,0
S2080,8,4,1,4,0
S2081,3,1,0,2,0
S2082,9,2,1,7,0
S2083,6,3,0,3,0
S2084,10,7,3,3,0
S2085,10,6,3,4,0
S2086,13,4,0,9,0
S2087,17,14,6,3,0
S2088,9,7,1,2,1
S2089,17,4,2,13,0
S2090,9,1,0,8,0
S2091,9,6,2,3,0
S2092,1,0,0,1,0
S2093,2,1,0,1,0
S2094,16,12,1,4,0
S2095,1,0,0,1,0
S2096,10,5,2,5,0
S2097,18,2,0,16,0
S2098,8,2,0,6,0
S2099,11,5,0,6,0
S2100,2,1,0,1,0
S2101,8,4,0,4,0
S2102,8,5,2,3,0
S2103,17,5,2,12,0
S2104,15,8,1,7,0
S2105,17,2,0,15,0
S2106,13,5,0,8,0
S2107,19,13,5,6,1
S2108,5,3,1,2,0
S2109,12,10,4,2,1
S2110,1,0,0,1,0
S2111,5,2,0,3,0
S2112,8,2,0,6,0
S2113,13,5,0,8,0
S2114,8,6,1,2,0
S2115,11,7,0,4,0
S2116,1,0,0,1,0
S2117,13,3,1,10,0
S2118,19,15,3,4,0
S2119,3,0,0,3,0
S2120,17,13,4,4,0
S2121,5,1,0,4,0
S2122,8,2,0,6,0
S2123,14,7,2,7,0
S2124,4,3,0,1,0
S2125,11,1,0,10,0
S2126,15,5,1,10,0
S2127,19,14,0,5,0
S2128,7,2,0,5,0
S2129,19,4,0,15,0
S2130,19,8,1,11,0
S2131,11,4,2,7,0
S2132,5,4,0,1,0
S2133,5,3,1,2,0
S2134,8,4,1,4,0
S2135,10,8,3,2,0
S2136,6,2,0,4,0
S2137,15,2,1,13,0
S2138,16,4,1,12,0
S2139,17,7,3,10,0
S2140,8,1,0,7,0
S2141,8,6,0,2,0
S2142,9,6,2,3,0
S2143,2,0,0,2,0
S2144,15,8,2,7,0
S2145,18,12,1,6,0
S2146,3,2,0,1,0
S2147,17,13,7,4,1
S2148,4,2,0,2,0
S2149,4,2,0,2,0
S2150,14,7,2,7,0
S2151,9,4,1,5,0
S2152,9,1,0,8,0
S2153,18,3,1,15,0
S2154,10,5,2,5,0
S2155,4,1,0,3,0
S2156,12,1,0,11,0
S2157,8,5,0,3,0
S2158,2,0,0,2,0
S2159,13,7,2,6,0
S2160,16,8,3,8,0
S2161,2,1,0,1,0
S2162,11,5,1,6,0
S2163,10,1,0,9,0
S2164,15,8,4,7,0
S2165,17,13,1,4,0
S2166,8,7,2,1,1
S2167,18,7,0,11,0
S2168,9,3,0,6,0
S2169,8,6,3,2,1
S2170,14,3,0,11,0
S2171,18,10,2,8,0
S2172,12,5,0,7,0
S2173,19,2,1,17,0
S2174,14,5,2,9,0
S2175,17,5,0,12,0
S2176,3,1,0,2,0
S2177,7,6,2,1,1
S2178,17,5,1,12,0
S2179,12,8,3,4,0
S2180,9,1,0,8,0
S2181,15,7,0,8,0
S2182,18,2,0,16,0
S2183,13,11,1,2,0
S2184,8,5,2,3,0
S2185,14,8,0,6,0
S2186,8,6,0,2,0
S2187,14,8,4,6,0
S2188,7,6,1,1,0
S2189,12,8,3,4,0
S2190,11,9,0,2,0
S2191,11,5,1,6,0
S2192,13,2,0,11,0
S2193,18,9,1,9,0
S2194,2,0,0,2,0
S2195,15,8,2,7,0
S2196,18,8,1,10,0
S2197,15,8,2,7,0
S2198,19,2,0,17,0
S2199,12,3,0,9,0
S2200,13,6,1,7,0
S2201,11,9,1,2,0
S2202,5,2,0,3,0
S2203,1,0,0,1,0
S2204,3,2,0,1,0
S2205,19,11,6,8,0
S2206,7,2,0,5,0
S2207,12,5,1,7,0
S2208,15,4,1,11,0
S2209,5,4,1,1,1
S2210,15,3,0,12,0
S2211,8,3,0,5,0
S2212,10,1,0,9,0
S2213,16,4,0,12,0
S2214,8,5,2,3,0
S2215,1,0,0,1,0
S2216,12,1,0,11,0
S2217,5,2,0,3,0
S2218,3,0,0,3,0
S2219,1,0,0,1,0
S2220,4,2,1,2,0
S2221,8,5,2,3,0
S2222,3,2,0,1,0
S2223,10,7,1,3,0
S2224,2,1,0,1,0
S2225,11,1,0,10,0
S2226,10,7,2,3,1
S2227,14,10,5,4,1
S2228,7,5,1,2,0
S2229,2,1,0,1,0
S2230,9,2,0,7,0
S2231,16,12,2,4,0
S2232,13,8,0,5,0
S2233,9,7,2,2,1
S2234,4,0,0,4,0
S2235,10,2,0,8,0
S2236,12,3,0,9,0
S2237,17,12,1,5,0
S2238,14,3,0,11,0
S2239,14,2,0,12,0
S2240,2,1,0,1,0
S2241,11,1,0,10,0
S2242,16,12,6,4,1
S2243,19,7,2,12,0
S2244,6,4,1,2,0
S2245,19,10,5,9,0
S2246,5,4,0,1,0
S2247,4,3,1,1,1
S2248,15,1,0,14,0
S2249,4,0,0,4,0
S2250,10,3,1,7,0
S2251,3,1,0,2,0
S2252,5,4,1,1,0
S2253,6,2,0,4,0
S2254,8,4,1,4,0
S2255,7,1,0,6,0
S2256,10,7,0,3,0
S2257,6,5,2,1,1
S2258,14,4,1,10,0
S2259,4,1,0,3,0
S2260,13,2,0,11,0
S2261,17,9,2,8,0
S2262,7,3,1,4,0
S2263,4,0,0,4,0
S2264,14,6,3,8,0
S2265,3,1,0,2,0
S2266,5,2,0,3,0
S2267,16,9,4,7,0
S2268,4,0,0,4,0
S2269,2,1,0,1,0
S2270,18,12,4,6,0
S2271,19,7,3,12,0
S2272,19,2,0,17,0
S2273,17,11,0,6,0
S2274,14,12,6,2,1
S2275,19,5,1,14,0
S2276,13,4,0,9,0
S2277,12,2,1,10,0
S2278,6,3,0,3,0
S2279,4,0,0,4,0
S2280,19,7,1,12,0
S2281,16,10,0,6,0
S2282,13,7,2,6,0
S2283,4,1,0,3,0
S2284,17,7,3,10,0
S2285,1,0,0,1,0
S2286,18,1,0,17,0
S2287,17,2,0,15,0
S2288,15,12,2,3,0
S2289,11,1,0,10,0
S2290,13,8,0,5,0
S2291,1,0,0,1,0
S2292,17,5,2,12,0
S2293,6,2,0,4,0
S2294,4,2,0,2,0
S2295,16,12,0,4,0
S2296,15,12,1,3,0
S2297,15,10,5,5,0
S2298,6,1,0,5,0
S2299,15,9,3,6,0
S2300,14,5,1,9,0
S2301,11,5,1,6,0
S2302,7,0,0,7,0
S2303,9,2,0,7,0
S2304,16,11,4,5,0
S2305,5,2,0,3,0
S2306,10,3,1,7,0
S2307,18,7,1,11,0
S2308,3,2,0,1,0
S2309,13,9,4,4,0
S2310,11,3,1,8,0
S2311,17,3,0,14,0
S2312,13,3,0,10,0
S2313,6,5,0,1,0
S2314,17,9,3,8,0
S2315,13,6,1,7,0
S2316,19,10,5,9,0
S2317,19,7,3,12,0
S2318,10,7,3,3,0
S2319,3,1,0,2,0
S2320,14,2,0,12,0
S2321,19,3,0,16,0
S2322,5,2,0,3,0
S2323,5,4,0,1,0
S2324,17,5,1,12,0
S2325,10,7,3,3,0
S2326,5,3,0,2,0
S2327,4,1,0,3,0
S2328,6,0,0,6,0
S2329,4,0,0,4,0
S2330,7,4,1,3,0
S2331,7,1,0,6,0
S2332,18,7,0,11,0
S2333,3,1,0,2,0
S2334,1,0,0,1,0
S2335,4,0,0,4,0
S2336,6,2,0,4,0
S2337,9,4,0,5,0
S2338,14,7,0,7,0
S2339,12,9,0,3,0
S2340,4,0,0,4,0
S2341,12,8,3,4,0
S2342,10,6,1,4,0
S2343,7,3,0,4,0
S2344,3,1,0,2,0
S2345,14,6,3,8,0
S2346,10,2,1,8,0
S2347,16,10,4,6,0
S2348,16,8,4,8,0
S2349,10,6,1,4,0
S2350,13,4,0,9,0
S2351,6,4,1,2,0
S2352,12,6,2,6,0
S2353,9,1,0,8,0
S2354,13,5,1,8,0
S2355,4,2,1,2,0
S2356,11,8,3,3,1
S2357,18,8,2,10,0
S2358,11,8,3,3,0
S2359,4,1,0,3,0
S2360,18,7,0,11,0
S2361,1,0,0,1,0
S2362,7,5,1,2,0
S2363,6,3,0,3,0
S2364,15,11,5,4,1
S2365,18,3,0,15,0
S2366,11,8,2,3,0
S2367,15,5,0,10,0
S2368,16,3,0,13,0
S2369,7,2,1,5,0
S2370,10,4,1,6,0
S2371,12,3,1,9,0
S2372,14,4,2,10,0
S2373,5,1,0,4,0
S2374,18,6,1,12,0
S2375,5,2,1,3,0
S2376,3,1,0,2,0
S2377,5,1,0,4,0
S2378,17,11,5,6,0
S2379,19,15,7,4,1
S2380,19,13,2,6,1
S2381,12,4,1,8,0
S2382,9,6,2,3,0
S2383,1,0,0,1,0
S2384,18,3,0,15,0
S2385,4,1,0,3,0
S2386,10,7,0,3,0
S2387,7,2,0,5,0
S2388,1,0,0,1,0
S2389,17,3,0,14,0
S2390,2,1,0,1,0
S2391,11,6,1,5,0
S2392,9,2,0,7,0
S2393,7,3,0,4,0
S2394,17,8,1,9,0
S2395,17,10,0,7,0
S2396,2,0,0,2,0
S2397,6,4,1,2,0
S2398,14,4,0,10,0
S2399,6,3,1,3,0
S2400,2,0,0,2,0
S2401,1,0,0,1,0
S2402,10,3,1,7,0
S2403,5,2,0,3,0
S2404,2,0,0,2,0
S2405,16,11,1,5,0
S2406,2,0,0,2,0
S2407,10,6,2,4,0
S2408,2,1,0,1,0
S2409,16,8,1,8,0
S2410,16,11,2,5,0
S2411,19,11,3,8,0
S2412,7,2,1,5,0
S2413,12,8,4,4,1
S2414,15,5,0,10,0
S2415,8,4,0,4,0
S2416,6,4,1,2,0
S2417,10,4,0,6,0
S2418,3,1,0,2,0
S2419,19,8,0,11,0
S2420,17,12,4,5,0
S2421,7,5,2,2,1
S2422,4,2,1,2,0
S2423,14,8,1,6,0
S2424,15,12,4,3,1
S2425,8,1,0,7,0
S2426,15,4,0,11,0
S2427,14,9,3,5,0
S2428,9,6,1,3,0
S2429,8,6,0,2,0
S2430,17,7,1,10,0
S2431,2,0,0,2,0
S2432,3,1,0,2,0
S2433,8,2,0,6,0
S2434,12,3,0,9,0
S2435,1,0,0,1,0
S2436,10,1,0,9,0
S2437,3,2,0,1,0
S2438,6,2,0,4,0
S2439,7,4,1,3,0
S2440,18,3,0,15,0
S2441,11,4,0,7,0
S2442,19,3,1,16,0
S2443,5,4,0,1,0
S2444,19,14,0,5,0
S2445,11,5,2,6,0
S2446,12,3,0,9,0
S2447,10,8,1,2,0
S2448,8,3,0,5,0
S2449,9,2,0,7,0
S2450,4,2,0,2,0
S2451,5,4,1,1,0
S2452,8,0,0,8,0
S2453,9,2,0,7,0
S2454,15,12,2,3,1
S2455,15,3,0,12,0
S2456,16,3,0,13,0
S2457,14,7,1,7,0
S2458,8,6,3,2,1
S2459,18,8,3,10,0
S2460,10,8,0,2,0
S2461,6,3,0,3,0
S2462,12,1,0,11,0
S2463,2,1,0,1,0
S2464,7,2,0,5,0
S2465,16,5,1,11,0
S2466,3,1,0,2,0
S2467,13,4,1,9,0
S2468,3,0,0,3,0
S2469,18,1,0,17,0
S2470,11,5,1,6,0
S2471,8,6,2,2,0
S2472,6,3,1,3,0
S2473,1,0,0,1,0
S2474,1,0,0,1,0
S2475,8,2,0,6,0
S2476,5,1,0,4,0
S2477,16,3,1,13,0
S2478,11,3,0,8,0
S2479,5,3,0,2,0
S2480,4,3,1,1,0
S2481,6,5,0,1,0
S2482,14,4,0,10,0
S2483,19,15,0,4,0
S2484,9,3,0,6,0
S2485,12,2,0,10,0
S2486,11,8,0,3,0
S2487,14,8,1,6,0
S2488,16,3,0,13,0
S2489,1,0,0,1,0
S2490,13,4,0,9,0
S2491,13,8,0,5,0
S2492,2,0,0,2,0
S2493,4,3,1,1,0
S2494,6,0,0,6,0
S2495,5,1,0,4,0
S2496,3,1,0,2,0
S2497,1,0,0,1,0
S2498,4,1,0,3,0
S2499,2,1,0,1,0
S2500,5,3,1,2,0
S2501,3,2,1,1,0
S2502,9,6,2,3,0
S2503,6,4,1,2,0
S2504,18,9,3,9,0
S2505,6,4,1,2,0
S2506,19,6,0,13,0
S2507,12,5,2,7,0
S2508,11,3,0,8,0
S2509,2,0,0,2,0
S2510,15,4,2,11,0
S2511,12,10,1,2,0
S2512,12,4,1,8,0
S2513,9,1,0,8,0
S2514,2,1,0,1,0
S2515,3,0,0,3,0
S2516,12,2,0,10,0
S2517,16,4,0,12,0
S2518,1,0,0,1,0
S2519,3,1,0,2,0
S2520,2,1,0,1,0
S2521,9,6,2,3,0
S2522,19,8,0,11,0
S2523,15,5,0,10,0
S2524,18,6,0,12,0
S2525,11,7,4,4,0
S2526,16,2,1,14,0
S2527,17,1,0,16,0
S2528,5,3,0,2,0
S2529,12,5,0,7,0
S2530,11,2,0,9,0
S2531,15,4,1,11,0
S2532,3,2,0,1,0
S2533,1,0,0,1,0
S2534,16,10,1,6,0
S2535,2,0,0,2,0
S2536,2,1,0,1,0
S2537,3,2,0,1,0
S2538,8,6,2,2,1
S2539,15,4,1,11,0
S2540,7,5,0,2,0
S2541,6,1,0,5,0
S2542,9,2,1,7,0
S2543,1,0,0,1,0
S2544,8,3,0,5,0
S2545,3,2,0,1,0
S2546,4,0,0,4,0
S2547,15,7,3,8,0
S2548,6,5,2,1,1
S2549,15,12,3,3,0
S2550,3,0,0,3,0
S2551,14,5,1,9,0
S2552,14,8,3,6,0
S2553,4,0,0,4,0
S2554,12,10,1,2,1
S2555,17,14,0,3,0
S2556,7,1,0,6,0
S2557,9,1,0,8,0
S2558,3,0,0,3,0
S2559,13,10,5,3,1
S2560,15,3,0,12,0
S2561,18,7,3,11,0
S2562,19,8,3,11,0
S2563,1,0,0,1,0
S2564,6,0,0,6,0
S2565,2,0,0,2,0
S2566,14,11,5,3,1
S2567,6,4,2,2,0
S2568,14,10,4,4,1
S2569,4,0,0,4,0
S2570,8,2,0,6,0
S2571,3,1,0,2,0
S2572,19,6,1,13,0
S2573,14,11,5,3,1
S2574,17,10,4,7,0
S2575,8,1,0,7,0
S2576,14,11,0,3,0
S2577,6,5,2,1,1
S2578,16,2,1,14,0
S2579,19,9,4,10,0
S2580,14,4,0,10,0
S2581,19,7,0,12,0
S2582,3,0,0,3,0
S2583,10,5,1,5,0
S2584,19,16,6,3,1
S2585,9,4,2,5,0
S2586,13,2,0,11,0
S2587,7,4,0,3,0
S2588,14,5,1,9,0
S2589,9,7,3,2,1
S2590,19,8,4,11,0
S2591,15,3,1,12,0
S2592,14,3,0,11,0
S2593,6,4,1,2,0
S2594,4,1,0,3,0
S2595,8,5,1,3,0
S2596,17,4,0,13,0
S2597,9,3,0,6,0
S2598,1,0,0,1,0
S2599,14,11,4,3,0
S2600,11,9,0,2,0
S2601,3,0,0,3,0
S2602,9,3,0,6,0
S2603,14,3,1,11,0
S2604,9,4,0,5,0
S2605,4,1,0,3,0
S2606,4,3,0,1,0
S2607,8,6,0,2,0
S2608,2,0,0,2,0
S2609,9,4,0,5,0
S2610,14,11,1,3,0
S2611,9,6,0,3,0
S2612,16,1,0,15,0
S2613,17,6,2,11,0
S2614,16,6,0,10,0
S2615,12,3,0,9,0
S2616,3,0,0,3,0
S2617,11,1,0,10,0
S2618,14,8,2,6,0
S2619,18,5,2,13,0
S2620,5,0,0,5,0
S2621,16,4,1,12,0
S2622,5,3,0,2,0
S2623,3,2,0,1,0
S2624,12,5,0,7,0
S2625,1,0,0,1,0
S2626,9,7,2,2,0
S2627,9,2,0,7,0
S2628,4,1,0,3,0
S2629,3,1,0,2,0
S2630,17,4,2,13,0
S2631,2,0,0,2,0
S2632,1,0,0,1,0
S2633,8,4,0,4,0
S2634,13,5,2,8,0
S2635,15,12,5,3,1
S2636,8,1,0,7,0
S2637,12,3,0,9,0
S2638,12,6,3,6,0
S2639,14,8,1,6,0
S2640,15,1,0,14,0
S2641,15,6,0,9,0
S2642,9,5,0,4,0
S2643,19,12,3,7,0
S2644,8,4,0,4,0
S2645,19,6,2,13,0
S2646,6,1,0,5,0
S2647,19,8,0,11,0
S2648,4,0,0,4,0
S2649,7,6,1,1,1
S2650,4,1,0,3,0
S2651,12,4,1,8,0
S2652,13,9,2,4,1
S2653,3,1,0,2,0
S2654,12,4,1,8,0
S2655,2,1,0,1,0
S2656,2,1,0,1,0
S2657,9,5,0,4,0
S2658,1,0,0,1,0
S2659,8,4,2,4,0
S2660,6,4,1,2,0
S2661,6,1,0,5,0
S2662,18,5,0,13,0
S2663,17,13,4,4,0
S2664,12,1,0,11,0
S2665,6,4,2,2,0
S2666,8,3,0,5,0
S2667,19,8,0,11,0
S2668,10,1,0,9,0
S2669,1,0,0,1,0
S2670,13,5,2,8,0
S2671,17,9,3,8,0
S2672,3,1,0,2,0
S2673,8,5,1,3,0
S2674,14,12,6,2,1
S2675,3,1,0,2,0
S2676,16,6,3,10,0
S2677,13,11,2,2,1
S2678,17,10,1,7,0
S2679,13,4,1,9,0
S2680,6,1,0,5,0
S2681,17,13,6,4,1
S2682,14,5,0,9,0
S2683,17,10,1,7,0
S2684,8,3,1,5,0
S2685,11,2,0,9,0
S2686,1,0,0,1,0
S2687,7,1,0,6,0
S2688,17,7,2,10,0
S2689,10,5,0,5,0
S2690,11,4,2,7,0
S2691,9,6,1,3,0
S2692,9,6,3,3,0
S2693,5,3,0,2,0
S2694,17,2,0,15,0
S2695,9,2,0,7,0
S2696,17,8,0,9,0
S2697,19,16,5,3,0
S2698,7,5,0,2,0
S2699,9,6,1,3,0
S2700,7,2,0,5,0
S2701,13,5,0,8,0
S2702,11,5,0,6,0
S2703,14,3,1,11,0
S2704,19,2,1,17,0
S2705,11,9,0,2,0
S2706,13,3,0,10,0
S2707,14,4,2,10,0
S2708,13,2,0,11,0
S2709,1,0,0,1,0
S2710,8,4,0,4,0
S2711,12,7,3,5,0
S2712,19,15,2,4,0
S2713,12,4,2,8,0
S2714,8,4,0,4,0
S2715,8,1,0,7,0
S2716,13,3,0,10,0
S2717,12,9,1,3,0
S2718,16,11,5,5,0
S2719,1,0,0,1,0
S2720,13,5,2,8,0
S2721,7,3,0,4,0
S2722,5,0,0,5,0
S2723,8,2,0,6,0
S2724,14,3,1,11,0
S2725,13,3,1,10,0
S2726,15,11,2,4,0
S2727,17,5,2,12,0
S2728,15,3,1,12,0
S2729,18,9,1,9,0
S2730,18,14,5,4,0
S2731,2,0,0,2,0
S2732,4,0,0,4,0
S2733,1,0,0,1,0
S2734,4,2,0,2,0
S2735,18,9,2,9,0
S2736,5,3,1,2,0
S2737,19,16,8,3,1
S2738,15,11,6,4,1
S2739,8,4,1,4,0
S2740,17,8,0,9,0
S2741,1,0,0,1,0
S2742,12,10,3,2,0
S2743,19,7,1,12,0
S2744,15,3,0,12,0
S2745,9,5,1,4,0
S2746,7,2,0,5,0
S2747,2,1,0,1,0
S2748,9,5,1,4,0
S2749,10,4,2,6,0
S2750,2,1,0,1,0
S2751,19,5,0,14,0
S2752,11,5,2,6,0
S2753,13,6,2,7,0
S2754,10,6,0,4,0
S2755,14,10,3,4,0
S2756,18,7,1,11,0
S2757,19,11,5,8,0
S2758,9,1,0,8,0
S2759,7,5,2,2,1
S2760,3,1,0,2,0
S2761,6,4,0,2,0
S2762,2,0,0,2,0
S2763,6,1,0,5,0
S2764,3,1,0,2,0
S2765,16,12,1,4,0
S2766,8,4,0,4,0
S2767,2,1,0,1,0
S2768,17,8,3,9,0
S2769,9,4,1,5,0
S2770,12,2,0,10,0
S2771,3,2,0,1,0
S2772,11,3,0,8,0
S2773,1,0,0,1,0
S2774,13,10,3,3,0
S2775,15,12,6,3,1
S2776,5,2,0,3,0
S2777,17,10,3,7,0
S2778,6,4,1,2,0
S2779,11,2,1,9,0
S2780,18,10,2,8,0
S2781,4,0,0,4,0
S2782,3,1,0,2,0
S2783,13,2,1,11,0
S2784,9,2,0,7,0
S2785,6,2,0,4,0
S2786,12,5,1,7,0
S2787,2,1,0,1,0
S2788,3,0,0,3,0
S2789,3,1,0,2,0
S2790,12,2,1,10,0
S2791,15,8,0,7,0
S2792,9,5,1,4,0
S2793,8,4,0,4,0
S2794,11,7,3,4,0
S2795,16,5,1,11,0
S2796,4,2,0,2,0
S2797,1,0,0,1,0
S2798,7,3,0,4,0
S2799,2,1,0,1,0
S2800,5,0,0,5,0
S2801,7,4,1,3,0
S2802,4,2,0,2,0
S2803,5,1,0,4,0
S2804,1,0,0,1,0
S2805,1,0,0,1,0
S2806,15,12,1,3,0
S2807,19,12,0,7,0
S2808,10,2,1,8,0
S2809,18,6,2,12,0
S2810,3,1,0,2,0
S2811,11,8,0,3,0
S2812,15,2,1,13,0
S2813,11,3,1,8,0
S2814,17,13,5,4,0
S2815,17,1,0,16,0
S2816,6,1,0,5,0
S2817,5,4,2,1,0
S2818,8,4,1,4,0
S2819,2,0,0,2,0
S2820,16,2,1,14,0
S2821,12,1,0,11,0
S2822,6,1,0,5,0
S2823,1,0,0,1,0
S2824,4,1,0,3,0
S2825,17,11,0,6,0
S2826,13,10,4,3,1
S2827,18,7,1,11,0
S2828,5,1,0,4,0
S2829,3,1,0,2,0
S2830,11,9,0,2,0
S2831,13,9,2,4,0
S2832,4,0,0,4,0
S2833,14,9,4,5,0
S2834,11,6,2,5,1
S2835,10,8,1,2,1
S2836,19,3,0,16,0
S2837,18,9,3,9,0
S2838,6,4,2,2,0
S2839,15,6,1,9,0
S2840,10,4,2,6,0
S2841,5,0,0,5,0
S2842,5,1,0,4,0
S2843,10,3,1,7,0
S2844,5,4,1,1,0
S2845,3,0,0,3,0
S2846,6,2,0,4,0
S2847,4,2,0,2,0
S2848,18,4,0,14,0
S2849,9,4,0,5,0
S2850,17,11,2,6,0
S2851,13,10,4,3,1
S2852,15,9,3,6,0
S2853,17,10,0,7,0
S2854,13,2,1,11,0
S2855,16,13,4,3,1
S2856,4,0,0,4,0
S2857,5,3,1,2,0
S2858,5,1,0,4,0
S2859,9,7,1,2,0
S2860,17,11,4,6,0
S2861,13,9,0,4,0
S2862,2,0,0,2,0
S2863,13,5,0,8,0
S2864,19,11,1,8,0
S2865,3,2,0,1,0
S2866,10,1,0,9,0
S2867,2,1,0,1,0
S2868,13,10,4,3,1
S2869,19,6,2,13,0
S2870,17,12,2,5,0
S2871,14,7,0,7,0
S2872,12,5,0,7,0
S2873,12,4,0,8,0
S2874,11,6,0,5,0
S2875,7,4,0,3,0
S2876,4,1,0,3,0
S2877,19,11,3,8,0
S2878,1,0,0,1,0
S2879,3,2,0,1,0
S2880,13,1,0,12,0
S2881,15,11,5,4,1
S2882,2,0,0,2,0
S2883,11,3,0,8,0
S2884,4,1,0,3,0
S2885,19,9,1,10,0
S2886,17,13,6,4,1
S2887,3,1,0,2,0
S2888,18,12,7,6,0
S2889,8,1,0,7,0
S2890,19,9,3,10,0
S2891,5,4,0,1,0
S2892,7,5,1,2,1
S2893,8,2,0,6,0
S2894,5,2,0,3,0
S2895,17,4,0,13,0
S2896,5,2,1,3,0
S2897,4,2,0,2,0
S2898,19,13,3,6,1
S2899,2,0,0,2,0
S2900,11,9,3,2,1
S2901,13,7,2,6,0
S2902,15,6,2,9,0
S2903,12,6,1,6,0
S2904,11,6,1,5,0
S2905,7,3,1,4,0
S2906,5,2,0,3,0
S2907,17,8,4,9,0
S2908,9,2,0,7,0
S2909,14,10,1,4,0
S2910,12,6,1,6,0
S2911,6,1,0,5,0
S2912,17,12,1,5,0
S2913,19,16,2,3,0
S2914,19,16,6,3,1
S2915,16,6,1,10,0
S2916,12,2,0,10,0
S2917,12,6,0,6,0
S2918,6,1,0,5,0
S2919,4,3,0,1,0
S2920,6,1,0,5,0
S2921,11,3,1,8,0
S2922,1,0,0,1,0
S2923,15,6,1,9,0
S2924,11,8,1,3,0
S2925,19,8,2,11,0
S2926,18,4,1,14,0
S2927,17,5,2,12,0
S2928,19,9,5,10,0
S2929,14,3,1,11,0
S2930,18,10,2,8,0
S2931,19,10,2,9,0
S2932,15,10,4,5,0
S2933,15,12,0,3,0
S2934,4,3,0,1,0
S2935,7,5,0,2,0
S2936,13,3,0,10,0
S2937,3,0,0,3,0
S2938,16,5,1,11,0
S2939,9,7,3,2,1
S2940,8,7,2,1,1
S2941,13,10,2,3,1
S2942,17,3,0,14,0
S2943,17,14,4,3,1
S2944,17,7,1,10,0
S2945,1,0,0,1,0
S2946,8,3,1,5,0
S2947,19,2,0,17,0
S2948,6,3,0,3,0
S2949,3,1,0,2,0
S2950,5,2,1,3,0
S2951,13,7,3,6,0
S2952,15,11,5,4,1
S2953,14,8,1,6,0
S2954,16,7,4,9,1
S2955,18,13,0,5,0
S2956,11,9,0,2,0
S2957,3,0,0,3,0
S2958,10,5,2,5,0
S2959,10,3,0,7,0
S2960,16,2,0,14,0
S2961,12,7,0,5,0
S2962,2,1,0,1,0
S2963,9,2,0,7,0
S2964,3,2,1,1,1
S2965,15,11,4,4,0
S2966,3,2,0,1,0
S2967,19,5,2,14,0
S2968,18,14,4,4,0
S2969,8,2,0,6,0
S2970,17,9,3,8,0
S2971,8,1,0,7,0
S2972,7,0,0,7,0
S2973,7,4,1,3,0
S2974,3,1,0,2,0
S2975,1,0,0,1,0
S2976,4,1,0,3,0
S2977,5,3,1,2,0
S2978,1,0,0,1,0
S2979,15,11,5,4,1
S2980,5,0,0,5,0
S2981,13,3,0,10,0
S2982,8,3,0,5,0
S2983,8,3,1,5,0
S2984,5,1,0,4,0
S2985,9,3,1,6,0
S2986,1,0,0,1,0
S2987,4,2,1,2,0
S2988,3,0,0,3,0
S2989,2,0,0,2,0
S2990,8,6,1,2,0
S2991,9,3,1,6,0
S2992,2,0,0,2,0
S2993,14,9,3,5,0
S2994,14,8,1,6,0
S2995,4,2,0,2,0
S2996,6,0,0,6,0
S2997,11,2,0,9,0
S2998,3,1,0,2,0
S2999,8,2,0,6,0
S3000,3,1,0,2,0
S3001,14,7,3,7,0
S3002,13,4,0,9,0
S3003,13,11,0,2,1
S3004,2,1,0,1,0
S3005,13,8,2,5,0
S3006,19,3,0,16,0
S3007,6,1,0,5,0
S3008,16,7,1,9,0
S3009,2,0,0,2,0
S3010,8,7,3,1,1
S3011,17,3,0,14,0
S3012,2,0,0,2,0
S3013,10,3,0,7,0
S3014,16,9,2,7,0
S3015,6,1,0,5,0
S3016,2,0,0,2,0
S3017,2,0,0,2,0
S3018,13,10,3,3,1
S3019,15,1,0,14,0
S3020,2,1,0,1,0
S3021,7,5,1,2,0
S3022,3,1,0,2,0
S3023,8,5,0,3,0
S3024,14,1,0,13,0
S3025,7,6,2,1,0
S3026,7,3,1,4,0
S3027,1,0,0,1,0
S3028,17,6,1,11,0
S3029,9,1,0,8,0
S3030,13,11,1,2,0
S3031,19,2,0,17,0
S3032,19,11,1,8,0
S3033,17,7,0,10,0
S3034,10,8,4,2,0
S3035,10,2,0,8,0
S3036,4,2,1,2,0
S3037,8,3,0,5,0
S3038,18,11,3,7,0
S3039,14,2,0,12,0
S3040,18,4,1,14,0
S3041,14,3,1,11,0
S3042,15,10,0,5,0
S3043,4,1,0,3,0
S3044,13,7,0,6,0
S3045,8,2,0,6,0
S3046,18,14,8,4,1
S3047,12,10,5,2,1
S3048,14,7,4,7,1
S3049,2,0,0,2,0
S3050,18,5,0,13,0
S3051,2,0,0,2,0
S3052,11,3,0,8,0
S3053,9,5,2,4,0
S3054,12,6,0,6,0
S3055,17,14,5,3,1
S3056,15,6,1,9,0
S3057,17,11,2,6,0
S3058,18,8,3,10,0
S3059,6,3,0,3,0
S3060,17,5,2,12,0
S3061,18,8,0,10,0
S3062,8,3,1,5,0
S3063,9,5,0,4,0
S3064,6,5,0,1,0
S3065,5,1,0,4,0
S3066,12,1,0,11,0
S3067,11,5,0,6,0
S3068,1,0,0,1,0
S3069,11,2,0,9,0
S3070,19,13,1,6,0
S3071,9,7,3,2,1
S3072,2,1,0,1,0
S3073,12,3,0,9,0
S3074,4,3,0,1,0
S3075,4,2,0,2,0
S3076,18,8,1,10,0
S3077,15,7,2,8,0
S3078,19,14,0,5,0
S3079,13,6,2,7,0
S3080,19,7,0,12,0
S3081,17,8,3,9,0
S3082,6,3,0,3,0
S3083,16,4,0,12,0
S3084,12,9,4,3,1
S3085,19,12,0,7,0
S3086,5,3,0,2,0
S3087,17,3,0,14,0
S3088,1,0,0,1,0
S3089,10,1,0,9,0
S3090,15,2,0,13,0
S3091,11,5,0,6,0
S3092,13,5,2,8,0
S3093,5,2,0,3,0
S3094,1,0,0,1,0
S3095,12,5,0,7,0
S3096,11,2,0,9,0
S3097,17,15,4,2,1
S3098,4,2,0,2,0
S3099,15,9,2,6,0
S3100,9,3,0,6,0
S3101,19,3,1,16,0
S3102,19,16,4,3,1
S3103,12,3,1,9,0
S3104,5,2,0,3,0
S3105,10,6,2,4,0
S3106,17,2,1,15,0
S3107,5,3,1,2,0
S3108,16,8,4,8,0
S3109,7,2,0,5,0
S3110,9,1,0,8,0
S3111,3,0,0,3,0
S3112,15,12,1,3,0
S3113,16,10,3,6,1
S3114,18,5,0,13,0
S3115,14,2,0,12,0
S3116,3,1,0,2,0
S3117,12,6,1,6,0
S3118,9,3,0,6,0
S3119,7,2,1,5,0
S3120,9,2,0,7,0
S3121,13,8,0,5,0
S3122,18,15,1,3,0
S3123,5,1,0,4,0
S3124,13,7,4,6,0
S3125,4,1,0,3,0
S3126,2,0,0,2,0
S3127,16,4,0,12,0
S3128,9,6,3,3,0
S3129,9,4,0,5,0
S3130,6,3,0,3,0
S3131,11,3,0,8,0
S3132,1,0,0,1,0
S3133,4,0,0,4,0
S3134,13,8,1,5,0
S3135,13,3,1,10,0
S3136,13,8,2,5,0
S3137,2,0,0,2,0
S3138,9,3,0,6,0
S3139,8,3,1,5,0
S3140,7,2,0,5,0
S3141,4,0,0,4,0
S3142,18,6,2,12,0
S3143,3,1,0,2,0
S3144,6,3,1,3,0
S3145,12,3,1,9,0
S3146,12,5,0,7,0
S3147,8,2,1,6,0
S3148,1,0,0,1,0
S3149,4,0,0,4,0
S3150,11,8,4,3,0
S3151,3,0,0,3,0
S3152,13,3,0,10,0
S3153,17,5,0,12,0
S3154,10,2,0,8,0
S3155,12,7,3,5,0
S3156,15,2,0,13,0
S3157,10,2,1,8,0
S3158,14,8,1,6,0
S3159,13,4,0,9,0
S3160,5,3,0,2,0
S3161,6,3,0,3,0
S3162,2,0,0,2,0
S3163,17,10,4,7,0
S3164,4,0,0,4,0
S3165,14,7,3,7,0
S3166,10,4,1,6,0
S3167,3,0,0,3,0
S3168,3,1,0,2,0
S3169,15,11,1,4,0
S3170,6,5,0,1,0
S3171,17,9,1,8,0
S3172,12,5,1,7,0
S3173,11,3,0,8,0
S3174,4,1,0,3,0
S3175,6,2,0,4,0
S3176,1,0,0,1,0
S3177,16,13,7,3,1
S3178,15,5,2,10,0
S3179,17,6,1,11,0
S3180,8,3,0,5,0
S3181,12,9,1,3,0
S3182,10,6,0,4,0
S3183,15,8,2,7,0
S3184,9,3,1,6,0
S3185,2,1,0,1,0
S3186,5,0,0,5,0
S3187,6,4,0,2,0
S3188,7,3,0,4,0
S3189,1,0,0,1,0
S3190,7,3,0,4,0
S3191,12,7,0,5,0
S3192,16,1,0,15,0
S3193,16,12,1,4,1
S3194,11,5,0,6,0
S3195,4,1,0,3,0
S3196,13,2,1,11,0
S3197,7,3,0,4,0
S3198,4,1,0,3,0
S3199,15,6,2,9,0
S3200,19,12,1,7,0
S3201,9,3,0,6,0
S3202,11,9,0,2,0
S3203,8,4,0,4,0
S3204,1,0,0,1,0
S3205,8,1,0,7,0
S3206,13,5,0,8,0
S3207,4,1,0,3,0
S3208,8,4,0,4,0
S3209,3,2,0,1,0
S3210,9,1,0,8,0
S3211,2,0,0,2,0
S3212,2,1,0,1,0
S3213,13,3,1,10,0
S3214,15,9,4,6,0
S3215,12,6,2,6,0
S3216,4,3,0,1,0
S3217,8,1,0,7,0
S3218,9,1,0,8,0
S3219,5,2,0,3,0
S3220,18,15,8,3,1
S3221,11,4,1,7,0
S3222,15,5,2,10,0
S3223,9,5,0,4,0
S3224,17,14,7,3,0
S3225,12,9,1,3,0
S3226,7,6,3,1,1
S3227,10,1,0,9,0
S3228,10,1,0,9,0
S3229,13,7,3,6,0
S3230,19,14,3,5,0
S3231,11,3,0,8,0
S3232,13,3,1,10,0
S3233,8,5,1,3,0
S3234,8,1,0,7,0
S3235,4,1,0,3,0
S3236,15,7,3,8,0
S3237,11,6,2,5,0
S3238,11,7,1,4,0
S3239,1,0,0,1,0
S3240,17,10,3,7,0
S3241,15,8,0,7,0
S3242,6,3,0,3,0
S3243,15,9,3,6,0
S3244,9,2,0,7,0
S3245,14,2,0,12,0
S3246,18,3,1,15,0
S3247,17,4,0,13,0
S3248,18,9,1,9,0
S3249,5,3,0,2,0
S3250,9,5,1,4,0
S3251,11,8,3,3,0
S3252,1,0,0,1,0
S3253,18,7,1,11,0
S3254,6,2,0,4,0
S3255,2,0,0,2,0
S3256,15,2,0,13,0
S3257,14,8,4,6,1
S3258,5,4,0,1,0
S3259,6,1,0,5,0
S3260,6,0,0,6,0
S3261,18,13,4,5,1
S3262,14,4,1,10,0
S3263,10,7,2,3,0
S3264,14,9,4,5,0
S3265,13,11,3,2,1
S3266,3,1,0,2,0
S3267,6,3,0,3,0
S3268,8,3,1,5,0
S3269,12,7,2,5,0
S3270,13,5,1,8,0
S3271,11,2,0,9,0
S3272,12,6,2,6,0
S3273,1,0,0,1,0
S3274,17,12,4,5,0
S3275,16,11,5,5,1
S3276,11,6,0,5,0
S3277,13,2,0,11,0
S3278,18,12,6,6,0
S3279,11,5,1,6,0
S3280,12,9,4,3,1
S3281,6,5,2,1,1
S3282,9,1,0,8,0
S3283,16,12,4,4,0
S3284,4,0,0,4,0
S3285,3,1,0,2,0
S3286,16,8,3,8,0
S3287,12,2,0,10,0
S3288,11,7,0,4,0
S3289,5,0,0,5,0
S3290,18,4,0,14,0
S3291,19,10,0,9,0
S3292,6,4,1,2,0
S3293,18,14,3,4,0
S3294,6,3,0,3,0
S3295,4,2,0,2,0
S3296,12,4,2,8,0
S3297,19,1,0,18,0
S3298,2,0,0,2,0
S3299,17,8,1,9,0
S3300,11,7,1,4,0
S3301,11,4,0,7,0
S3302,16,10,4,6,0
S3303,2,1,0,1,0
S3304,2,0,0,2,0
S3305,8,2,1,6,0
S3306,13,10,3,3,0
S3307,10,6,1,4,0
S3308,8,6,1,2,0
S3309,4,0,0,4,0
S3310,15,13,0,2,0
S3311,1,0,0,1,0
S3312,11,1,0,10,0
S3313,7,6,1,1,0
S3314,17,5,1,12,0
S3315,18,11,1,7,0
S3316,12,2,0,10,0
S3317,9,5,1,4,0
S3318,5,4,0,1,0
S3319,10,3,1,7,0
S3320,4,2,0,2,0
S3321,5,1,0,4,0
S3322,10,5,2,5,0
S3323,11,4,2,7,0
S3324,10,2,1,8,0
S3325,8,2,0,6,0
S3326,2,0,0,2,0
S3327,8,6,0,2,0
S3328,16,6,1,10,0
S3329,5,1,0,4,0
S3330,3,1,0,2,0
S3331,12,4,0,8,0
S3332,13,9,0,4,0
S3333,13,11,1,2,0
S3334,10,4,1,6,0
S3335,4,3,1,1,0
S3336,9,4,2,5,0
S3337,2,0,0,2,0
S3338,19,12,1,7,0
S3339,1,0,0,1,0
S3340,7,4,0,3,0
S3341,17,13,2,4,0
S3342,3,1,0,2,0
S3343,3,2,0,1,0
S3344,3,2,0,1,0
S3345,17,8,2,9,0
S3346,7,4,0,3,0
S3347,14,5,0,9,0
S3348,17,15,4,2,1
S3349,18,11,4,7,1
S3350,13,1,0,12,0
S3351,18,6,2,12,0
S3352,4,2,0,2,0
S3353,1,0,0,1,0
S3354,18,2,0,16,0
S3355,1,0,0,1,0
S3356,13,4,1,9,0
S3357,10,4,1,6,0
S3358,11,3,1,8,0
S3359,9,2,0,7,0
S3360,9,5,1,4,0
S3361,5,2,0,3,0
S3362,1,0,0,1,0
S3363,17,6,2,11,0
S3364,2,1,0,1,0
S3365,13,2,0,11,0
S3366,9,1,0,8,0
S3367,4,0,0,4,0
S3368,5,3,0,2,0
S3369,11,7,1,4,1
S3370,19,13,1,6,0
S3371,3,2,0,1,0
S3372,12,7,0,5,0
S3373,19,9,2,10,0
S3374,19,11,5,8,1
S3375,13,1,0,12,0
S3376,7,4,1,3,0
S3377,15,10,4,5,1
S3378,7,3,1,4,0
S3379,8,3,0,5,0
S3380,5,1,0,4,0
S3381,14,8,4,6,0
S3382,4,2,0,2,0
S3383,10,7,1,3,0
S3384,15,5,0,10,0
S3385,18,12,0,6,0
S3386,13,7,0,6,0
S3387,8,6,2,2,1
S3388,9,4,0,5,0
S3389,16,8,1,8,0
S3390,19,10,4,9,0
S3391,16,11,1,5,0
S3392,7,6,2,1,0
S3393,14,2,0,12,0
S3394,14,1,0,13,0
S3395,4,3,1,1,0
S3396,15,7,3,8,1
S3397,3,1,0,2,0
S3398,5,2,0,3,0
S3399,1,0,0,1,0
S3400,3,2,1,1,0
S3401,15,10,3,5,0
S3402,8,2,0,6,0
S3403,4,1,0,3,0
S3404,2,1,0,1,0
S3405,10,1,0,9,0
S3406,4,3,1,1,0
S3407,3,0,0,3,0
S3408,2,1,0,1,0
S3409,17,14,6,3,0
S3410,13,8,2,5,0
S3411,5,2,0,3,0
S3412,9,5,2,4,0
S3413,6,2,1,4,0
S3414,5,1,0,4,0
S3415,10,8,2,2,0
S3416,8,5,0,3,0
S3417,7,4,1,3,0
S3418,7,2,0,5,0
S3419,6,0,0,6,0
S3420,3,0,0,3,0
S3421,19,10,1,9,0
S3422,15,10,4,5,1
S3423,4,2,0,2,0
S3424,12,9,1,3,0
S3425,6,0,0,6,0
S3426,19,7,0,12,0
S3427,4,1,0,3,0
S3428,15,6,1,9,0
S3429,9,1,0,8,0
S3430,5,4,0,1,0
S3431,13,3,0,10,0
S3432,18,15,6,3,1
S3433,5,2,0,3,0
S3434,16,14,0,2,1
S3435,19,10,3,9,0
S3436,14,11,0,3,0
S3437,16,1,0,15,0
S3438,15,10,5,5,0
S3439,4,3,1,1,0
S3440,7,1,0,6,0
S3441,16,2,0,14,0
S3442,8,3,1,5,0
S3443,17,14,4,3,0
S3444,16,8,1,8,0
S3445,10,5,0,5,0
S3446,10,2,0,8,0
S3447,2,0,0,2,0
S3448,9,6,0,3,0
S3449,17,2,0,15,0
S3450,11,6,1,5,0
S3451,10,8,1,2,0
S3452,17,4,1,13,0
S3453,4,2,1,2,0
S3454,16,2,0,14,0
S3455,15,8,3,7,0
S3456,5,1,0,4,0
S3457,6,4,1,2,0
S3458,17,5,0,12,0
S3459,1,0,0,1,0
S3460,19,11,1,8,0
S3461,4,0,0,4,0
S3462,17,11,4,6,1
S3463,9,3,0,6,0
S3464,2,1,0,1,0
S3465,8,1,0,7,0
S3466,15,9,0,6,0
S3467,7,1,0,6,0
S3468,6,2,0,4,0
S3469,1,0,0,1,0
S3470,15,10,5,5,1
S3471,7,2,0,5,0
S3472,17,13,6,4,1
S3473,2,1,0,1,0
S3474,9,2,0,7,0
S3475,9,5,0,4,0
S3476,13,2,0,11,0
S3477,6,2,0,4,0
S3478,6,4,1,2,0
S3479,3,1,0,2,0
S3480,17,10,3,7,0
S3481,17,5,1,12,0
S3482,12,4,2,8,0
S3483,16,2,0,14,0
S3484,15,10,2,5,0
S3485,13,6,2,7,0
S3486,1,0,0,1,0
S3487,17,5,0,12,0
S3488,3,1,0,2,0
S3489,15,5,1,10,0
S3490,4,0,0,4,0
S3491,4,1,0,3,0
S3492,18,13,7,5,0
S3493,17,13,5,4,1
S3494,19,9,2,10,0
S3495,11,5,2,6,0
S3496,3,0,0,3,0
S3497,8,6,0,2,0
S3498,14,1,0,13,0
S3499,1,0,0,1,0
S3500,14,6,2,8,0
S3501,2,0,0,2,0
S3502,4,3,1,1,0
S3503,19,2,0,17,0
S3504,6,3,0,3,0
S3505,1,0,0,1,0
S3506,17,4,0,13,0
S3507,8,3,1,5,0
S3508,19,11,6,8,0
S3509,1,0,0,1,0
S3510,5,0,0,5,0
S3511,16,13,6,3,1
S3512,6,1,0,5,0
S3513,8,2,0,6,0
S3514,13,4,1,9,0
S3515,16,2,0,14,0
S3516,3,0,0,3,0
S3517,19,16,6,3,1
S3518,12,4,0,8,0
S3519,16,3,1,13,0
S3520,11,2,0,9,0
S3521,10,6,0,4,0
S3522,4,3,0,1,0
S3523,12,3,0,9,0
S3524,2,0,0,2,0
S3525,19,5,0,14,0
S3526,5,0,0,5,0
S3527,8,1,0,7,0
S3528,7,3,0,4,0
S3529,14,3,0,11,0
S3530,3,1,0,2,0
S3531,18,5,2,13,0
S3532,16,13,7,3,1
S3533,19,15,3,4,0
S3534,19,10,3,9,0
S3535,18,6,0,12,0
S3536,16,6,1,10,0
S3537,8,3,0,5,0
S3538,1,0,0,1,0
S3539,17,7,3,10,0
S3540,12,9,1,3,0
S3541,11,9,4,2,0
S3542,5,1,0,4,0
S3543,12,6,1,6,0
S3544,17,2,0,15,0
S3545,6,1,0,5,0
S3546,1,0,0,1,0
S3547,5,1,0,4,0
S3548,14,11,2,3,0
S3549,5,1,0,4,0
S3550,1,0,0,1,0
S3551,18,10,5,8,0
S3552,16,10,2,6,0
S3553,9,3,0,6,0
S3554,19,15,2,4,0
S3555,5,2,1,3,0
S3556,2,0,0,2,0
S3557,15,2,0,13,0
S3558,7,3,0,4,0
S3559,4,3,0,1,0
S3560,1,0,0,1,0
S3561,13,9,5,4,1
S3562,7,3,1,4,0
S3563,15,2,0,13,0
S3564,14,1,0,13,0
S3565,19,6,0,13,0
S3566,18,11,2,7,0
S3567,10,7,3,3,0
S3568,9,3,0,6,0
S3569,8,3,0,5,0
S3570,10,4,0,6,0
S3571,17,7,3,10,0
S3572,2,0,0,2,0
S3573,6,1,0,5,0
S3574,5,1,0,4,0
S3575,9,1,0,8,0
S3576,5,1,0,4,0
S3577,18,1,0,17,0
S3578,9,5,1,4,0
S3579,17,6,1,11,0
S3580,17,14,6,3,0
S3581,12,3,0,9,0
S3582,7,2,0,5,0
S3583,3,1,0,2,0
S3584,10,1,0,9,0
S3585,2,1,0,1,0
S3586,3,0,0,3,0
S3587,16,13,2,3,0
S3588,2,1,0,1,0
S3589,10,5,2,5,0
S3590,6,3,0,3,0
S3591,11,6,2,5,0
S3592,7,2,0,5,0
S3593,15,9,2,6,0
S3594,6,0,0,6,0
S3595,9,1,0,8,0
S3596,12,5,2,7,0
S3597,19,10,3,9,0
S3598,3,2,0,1,0
S3599,15,2,0,13,0
S3600,2,1,0,1,0
S3601,2,0,0,2,0
S3602,3,1,0,2,0
S3603,6,2,1,4,0
S3604,15,6,2,9,0
S3605,10,2,0,8,0
S3606,9,4,1,5,0
S3607,1,0,0,1,0
S3608,16,7,4,9,0
S3609,6,2,0,4,0
S3610,9,7,0,2,0
S3611,4,2,0,2,0
S3612,2,0,0,2,0
S3613,4,1,0,3,0
S3614,1,0,0,1,0
S3615,19,10,5,9,0
S3616,10,2,0,8,0
S3617,15,4,0,11,0
S3618,19,14,7,5,0
S3619,16,2,1,14,0
S3620,4,3,1,1,0
S3621,2,0,0,2,0
S3622,13,9,4,4,0
S3623,1,0,0,1,0
S3624,17,8,4,9,0
S3625,13,10,3,3,1
S3626,4,1,0,3,0
S3627,7,3,1,4,0
S3628,17,2,0,15,0
S3629,9,0,0,9,0
S3630,4,1,0,3,0
S3631,19,12,2,7,0
S3632,1,0,0,1,0
S3633,10,1,0,9,0
S3634,4,1,0,3,0
S3635,9,5,2,4,0
S3636,13,8,1,5,0
S3637,14,3,0,11,0
S3638,10,1,0,9,0
S3639,6,5,1,1,0
S3640,16,4,0,12,0
S3641,6,4,1,2,1
S3642,17,13,4,4,0
S3643,10,7,2,3,1
S3644,18,4,1,14,0
S3645,18,13,3,5,0
S3646,3,2,0,1,0
S3647,15,8,2,7,0
S3648,15,5,1,10,0
S3649,4,1,0,3,0
S3650,9,1,0,8,0
S3651,19,9,3,10,0
S3652,17,9,0,8,0
S3653,11,4,0,7,0
S3654,9,4,0,5,0
S3655,10,3,0,7,0
S3656,18,11,4,7,0
S3657,13,10,0,3,0
S3658,8,1,0,7,0
S3659,7,2,0,5,0
S3660,17,3,0,14,0
S3661,15,8,2,7,0
S3662,15,10,1,5,1
S3663,1,0,0,1,0
S3664,14,4,0,10,0
S3665,5,4,1,1,0
S3666,11,1,0,10,0
S3667,16,9,3,7,0
S3668,2,0,0,2,0
S3669,8,6,1,2,0
S3670,11,5,2,6,0
S3671,18,11,6,7,0
S3672,3,2,1,1,0
S3673,1,0,0,1,0
S3674,11,1,0,10,0
S3675,16,12,0,4,0
S3676,18,6,0,12,0
S3677,16,3,1,13,0
S3678,10,4,0,6,0
S3679,18,10,0,8,0
S3680,6,0,0,6,0
S3681,19,6,1,13,0
S3682,4,0,0,4,0
S3683,13,5,1,8,0
S3684,14,11,1,3,0
S3685,3,2,0,1,0
S3686,10,6,3,4,0
S3687,6,1,0,5,0
S3688,1,0,0,1,0
S3689,14,7,4,7,0
S3690,8,1,0,7,0
S3691,19,15,0,4,0
S3692,14,9,0,5,0
S3693,10,6,0,4,0
S3694,17,11,4,6,0
S3695,9,2,0,7,0
S3696,6,1,0,5,0
S3697,11,7,0,4,0
S3698,7,1,0,6,0
S3699,17,7,1,10,0
S3700,1,0,0,1,0
S3701,5,3,1,2,0
S3702,9,4,0,5,0
S3703,18,13,3,5,1
S3704,2,1,0,1,0
S3705,11,6,3,5,0
S3706,6,1,0,5,0
S3707,8,2,0,6,0
S3708,4,1,0,3,0
S3709,18,3,0,15,0
S3710,11,3,1,8,0
S3711,5,1,0,4,0
S3712,15,6,3,9,1
S3713,18,14,3,4,0
S3714,2,0,0,2,0
S3715,11,7,4,4,1
S3716,13,8,0,5,0
S3717,4,0,0,4,0
S3718,7,5,1,2,0
S3719,11,6,0,5,0
S3720,4,1,0,3,0
S3721,15,10,5,5,0
S3722,1,0,0,1,0
S3723,3,1,0,2,0
S3724,14,1,0,13,0
S3725,6,4,1,2,0
S3726,18,8,3,10,0
S3727,1,0,0,1,0
S3728,6,1,0,5,0
S3729,6,3,1,3,0
S3730,16,11,4,5,0
S3731,5,2,1,3,0
S3732,17,10,3,7,0
S3733,10,4,0,6,0
S3734,18,14,8,4,0
S3735,7,3,1,4,0
S3736,3,2,1,1,0
S3737,13,9,5,4,0
S3738,15,6,2,9,0
S3739,19,5,1,14,0
S3740,3,1,0,2,0
S3741,4,3,0,1,0
S3742,5,1,0,4,0
S3743,1,0,0,1,0
S3744,4,2,0,2,0
S3745,12,4,0,8,0
S3746,10,6,1,4,0
S3747,13,3,0,10,0
S3748,14,2,0,12,0
S3749,5,3,0,2,0
S3750,4,0,0,4,0
S3751,14,4,1,10,0
S3752,10,7,1,3,0
S3753,17,6,2,11,0
S3754,10,8,3,2,0
S3755,7,6,1,1,0
S3756,16,5,1,11,0
S3757,1,0,0,1,0
S3758,17,11,5,6,0
S3759,9,4,1,5,0
S3760,6,1,0,5,0
S3761,19,12,1,7,0
S3762,13,1,0,12,0
S3763,3,2,1,1,0
S3764,7,1,0,6,0
S3765,9,1,0,8,0
S3766,5,1,0,4,0
S3767,10,8,4,2,0
S3768,17,11,3,6,0
S3769,12,8,0,4,0
S3770,16,6,2,10,0
S3771,3,1,0,2,0
S3772,9,2,0,7,0
S3773,15,7,3,8,0
S3774,5,2,0,3,0
S3775,13,7,3,6,0
S3776,14,4,0,10,0
S3777,15,12,1,3,0
S3778,16,3,1,13,0
S3779,13,11,2,2,0
S3780,17,1,0,16,0
S3781,8,3,1,5,0
S3782,2,0,0,2,0
S3783,5,2,1,3,0
S3784,6,3,1,3,0
S3785,12,5,1,7,0
S3786,18,7,3,11,0
S3787,1,0,0,1,0
S3788,17,11,3,6,0
S3789,11,8,4,3,1
S3790,10,2,0,8,0
S3791,19,11,5,8,0
S3792,14,7,2,7,0
S3793,10,3,1,7,0
S3794,15,7,3,8,0
S3795,19,6,0,13,0
S3796,4,0,0,4,0
S3797,2,0,0,2,0
S3798,9,1,0,8,0
S3799,10,6,0,4,0
S3800,11,6,0,5,0
S3801,14,12,2,2,1
S3802,7,4,2,3,1
S3803,15,2,0,13,0
S3804,19,15,3,4,0
S3805,15,11,1,4,0
S3806,8,3,0,5,0
S3807,11,6,0,5,0
S3808,9,7,0,2,0
S3809,15,7,3,8,0
S3810,1,0,0,1,0
S3811,1,0,0,1,0
S3812,19,4,0,15,0
S3813,3,1,0,2,0
S3814,10,5,1,5,0
S3815,8,6,0,2,0
S3816,15,13,2,2,1
S3817,10,4,0,6,0
S3818,1,0,0,1,0
S3819,18,13,5,5,0
S3820,2,1,0,1,0
S3821,19,4,0,15,0
S3822,13,6,3,7,0
S3823,1,0,0,1,0
S3824,2,1,0,1,0
S3825,16,7,0,9,0
S3826,15,5,1,10,0
S3827,13,11,0,2,0
S3828,16,10,2,6,0
S3829,17,7,2,10,0
S3830,7,2,0,5,0
S3831,17,11,2,6,0
S3832,7,2,0,5,0
S3833,13,3,1,10,0
S3834,5,2,0,3,0
S3835,17,5,1,12,0
S3836,3,1,0,2,0
S3837,7,1,0,6,0
S3838,17,10,3,7,0
S3839,7,2,0,5,0
S3840,1,0,0,1,0
S3841,17,3,0,14,0
S3842,17,14,4,3,0
S3843,11,8,3,3,0
S3844,3,0,0,3,0
S3845,15,10,4,5,0
S3846,11,6,0,5,0
S3847,16,14,5,2,0
S3848,9,3,0,6,0
S3849,1,0,0,1,0
S3850,16,2,1,14,0
S3851,9,3,1,6,0
S3852,19,16,0,3,0
S3853,12,6,3,6,0
S3854,19,6,0,13,0
S3855,9,1,0,8,0
S3856,7,4,0,3,0
S3857,14,8,1,6,0
S3858,19,7,0,12,0
S3859,19,16,1,3,0
S3860,2,0,0,2,0
S3861,9,3,1,6,0
S3862,13,10,3,3,0
S3863,15,5,2,10,0
S3864,3,0,0,3,0
S3865,11,5,0,6,0
S3866,14,10,0,4,0
S3867,8,1,0,7,0
S3868,18,15,3,3,1
S3869,19,13,1,6,0
S3870,16,3,0,13,0
S3871,2,1,0,1,0
S3872,8,3,0,5,0
S3873,6,2,1,4,0
S3874,12,8,0,4,0
S3875,15,13,4,2,0
S3876,8,1,0,7,0
S3877,4,1,0,3,0
S3878,15,7,0,8,0
S3879,17,6,1,11,0
S3880,13,5,0,8,0
S3881,18,2,0,16,0
S3882,2,1,0,1,0
S3883,13,5,1,8,0
S3884,13,3,1,10,0
S3885,15,11,3,4,0
S3886,10,7,1,3,0
S3887,3,1,0,2,0
S3888,19,6,3,13,0
S3889,3,1,0,2,0
S3890,14,4,1,10,0
S3891,8,2,0,6,0
S3892,4,2,0,2,0
S3893,11,1,0,10,0
S3894,11,1,0,10,0
S3895,11,1,0,10,0
S3896,2,0,0,2,0
S3897,17,2,0,15,0
S3898,9,8,0,1,0
S3899,2,0,0,2,0
S3900,15,3,1,12,0
S3901,16,4,0,12,0
S3902,4,3,1,1,0
S3903,8,4,2,4,1
S3904,9,3,1,6,0
S3905,5,3,1,2,0
S3906,16,6,1,10,0
S3907,13,4,0,9,0
S3908,7,1,0,6,0
S3909,17,6,2,11,0
S3910,3,1,0,2,0
S3911,5,3,1,2,0
S3912,19,6,1,13,0
S3913,12,6,1,6,0
S3914,7,1,0,6,0
S3915,9,2,0,7,0
S3916,6,2,0,4,0
S3917,17,14,4,3,1
S3918,16,6,2,10,0
S3919,3,1,0,2,0
S3920,4,1,0,3,0
S3921,10,2,0,8,0
S3922,5,0,0,5,0
S3923,10,3,0,7,0
S3924,12,2,1,10,0
S3925,10,2,0,8,0
S3926,13,9,0,4,0
S3927,11,1,0,10,0
S3928,16,8,4,8,0
S3929,8,3,0,5,0
S3930,8,4,1,4,0
S3931,8,4,0,4,0
S3932,13,4,1,9,0
S3933,2,0,0,2,0
S3934,12,8,1,4,0
S3935,10,7,1,3,0
S3936,12,3,1,9,0
S3937,11,1,0,10,0
S3938,15,12,6,3,1
S3939,16,6,1,10,0
S3940,17,9,1,8,0
S3941,2,0,0,2,0
S3942,18,3,1,15,0
S3943,12,6,0,6,0
S3944,19,9,1,10,0
S3945,18,4,0,14,0
S3946,17,7,1,10,0
S3947,6,4,1,2,0
S3948,15,8,0,7,0
S3949,3,0,0,3,0
S3950,6,3,1,3,0
S3951,3,1,0,2,0
S3952,1,0,0,1,0
S3953,13,7,4,6,0
S3954,14,3,1,11,0
S3955,13,8,1,5,0
S3956,4,2,0,2,0
S3957,7,0,0,7,0
S3958,10,4,1,6,0
S3959,7,2,0,5,0
S3960,15,9,3,6,0
S3961,15,4,0,11,0
S3962,4,2,0,2,0
S3963,6,4,1,2,0
S3964,5,3,0,2,0
S3965,12,10,4,2,1
S3966,1,0,0,1,0
S3967,8,0,0,8,0
S3968,1,0,0,1,0
S3969,5,2,0,3,0
S3970,6,4,0,2,0
S3971,3,0,0,3,0
S3972,15,13,2,2,1
S3973,5,2,0,3,0
S3974,14,10,1,4,0
S3975,18,3,1,15,0
S3976,16,3,0,13,0
S3977,6,4,1,2,0
S3978,14,1,0,13,0
S3979,8,6,2,2,0
S3980,7,0,0,7,0
S3981,8,5,0,3,0
S3982,13,5,2,8,0
S3983,6,3,1,3,0
S3984,18,11,5,7,0
S3985,2,0,0,2,0
S3986,8,1,0,7,0
S3987,11,1,0,10,0
S3988,1,0,0,1,0
S3989,6,3,1,3,0
S3990,16,11,2,5,0
S3991,12,6,1,6,0
S3992,11,4,1,7,0
S3993,10,4,1,6,0
S3994,3,0,0,3,0
S3995,13,4,1,9,0
S3996,3,2,0,1,0
S3997,15,11,4,4,1
S3998,16,5,0,11,0
S3999,13,7,2,6,0
S4000,17,13,7,4,1
S4001,3,1,0,2,0
S4002,11,1,0,10,0
S4003,19,3,0,16,0
S4004,11,5,0,6,0
S4005,16,14,4,2,0
S4006,3,1,0,2,0
S4007,6,0,0,6,0
S4008,14,3,0,11,0
S4009,18,12,2,6,0
S4010,17,13,1,4,0
S4011,4,2,1,2,0
S4012,15,9,3,6,0
S4013,11,1,0,10,0
S4014,3,2,0,1,0
S4015,3,2,0,1,0
S4016,16,4,0,12,0
S4017,5,3,0,2,0
S4018,10,2,1,8,0
S4019,19,2,0,17,0
S4020,4,1,0,3,0
S4021,19,4,1,15,0
S4022,11,4,2,7,0
S4023,2,0,0,2,0
S4024,10,5,1,5,0
S4025,11,5,0,6,0
S4026,16,5,1,11,0
S4027,19,2,0,17,0
S4028,11,6,2,5,0
S4029,14,5,1,9,0
S4030,2,0,0,2,0
S4031,5,3,0,2,0
S4032,5,3,0,2,0
S4033,19,14,7,5,1
S4034,12,5,1,7,0
S4035,18,3,1,15,0
S4036,4,2,0,2,0
S4037,17,4,1,13,0
S4038,10,4,1,6,0
S4039,6,0,0,6,0
S4040,14,10,0,4,0
S4041,11,2,0,9,0
S4042,11,9,1,2,0
S4043,18,14,2,4,0
S4044,18,8,4,10,0
S4045,11,7,0,4,0
S4046,12,7,1,5,0
S4047,5,3,0,2,0
S4048,9,4,2,5,0
S4049,9,6,1,3,0
S4050,10,4,1,6,0
S4051,19,16,8,3,1
S4052,1,0,0,1,0
S4053,7,3,0,4,0
S4054,4,2,0,2,0
S4055,1,0,0,1,0
S4056,15,8,0,7,0
S4057,8,1,0,7,0
S4058,12,5,2,7,0
S4059,18,15,5,3,0
S4060,15,10,2,5,0
S4061,17,12,3,5,1
S4062,14,1,0,13,0
S4063,14,6,1,8,0
S4064,18,11,3,7,0
S4065,18,13,7,5,0
S4066,16,2,0,14,0
S4067,1,0,0,1,0
S4068,11,5,1,6,0
S4069,15,3,0,12,0
S4070,12,4,1,8,0
S4071,8,2,0,6,0
S4072,6,3,1,3,0
S4073,3,0,0,3,0
S4074,13,2,0,11,0
S4075,13,9,1,4,0
S4076,2,0,0,2,0
S4077,5,1,0,4,0
S4078,17,7,1,10,0
S4079,6,3,0,3,0
S4080,2,1,0,1,0
S4081,4,1,0,3,0
S4082,11,8,4,3,0
S4083,8,4,1,4,0
S4084,12,2,0,10,0
S4085,8,1,0,7,0
S4086,11,4,0,7,0
S4087,8,3,0,5,0
S4088,8,5,1,3,0
S4089,17,9,2,8,0
S4090,16,6,2,10,0
S4091,14,3,1,11,0
S4092,11,3,1,8,0
S4093,7,3,1,4,0
S4094,16,7,3,9,0
S4095,13,6,0,7,0
S4096,15,3,0,12,0
S4097,16,10,4,6,0
S4098,9,7,1,2,0
S4099,3,0,0,3,0
S4100,19,9,1,10,0
S4101,5,4,1,1,0
S4102,10,3,0,7,0
S4103,17,9,3,8,0
S4104,15,2,0,13,0
S4105,8,4,0,4,0
S4106,15,2,0,13,0
S4107,14,12,1,2,1
S4108,7,4,2,3,0
S4109,12,8,0,4,0
S4110,17,11,1,6,0
S4111,17,9,2,8,0
S4112,10,4,1,6,0
S4113,19,14,0,5,0
S4114,14,12,0,2,0
S4115,11,5,2,6,0
S4116,2,1,0,1,0
S4117,18,10,2,8,0
S4118,7,3,0,4,0
S4119,12,5,0,7,0
S4120,2,0,0,2,0
S4121,18,1,0,17,0
S4122,6,1,0,5,0
S4123,10,5,0,5,0
S4124,15,6,3,9,0
S4125,5,2,0,3,0
S4126,3,2,0,1,0
S4127,5,1,0,4,0
S4128,8,3,0,5,0
S4129,8,1,0,7,0
S4130,8,1,0,7,0
S4131,12,8,0,4,0
S4132,8,4,2,4,1
S4133,11,7,3,4,0
S4134,14,3,1,11,0
S4135,8,4,2,4,0
S4136,10,3,0,7,0
S4137,7,1,0,6,0
S4138,17,1,0,16,0
S4139,4,0,0,4,0
S4140,13,4,1,9,0
S4141,4,0,0,4,0
S4142,5,4,1,1,0
S4143,4,1,0,3,0
S4144,18,3,0,15,0
S4145,6,1,0,5,0
S4146,2,1,0,1,0
S4147,11,1,0,10,0
S4148,14,11,3,3,0
S4149,5,4,0,1,0
S4150,6,1,0,5,0
S4151,10,4,0,6,0
S4152,8,0,0,8,0
S4153,14,8,4,6,0
S4154,3,1,0,2,0
S4155,12,3,0,9,0
S4156,16,4,1,12,0
S4157,17,10,5,7,0
S4158,1,0,0,1,0
S4159,10,2,0,8,0
S4160,10,6,3,4,0
S4161,2,1,0,1,0
S4162,9,7,2,2,0
S4163,13,2,0,11,0
S4164,16,11,1,5,0
S4165,18,11,5,7,0
S4166,19,3,1,16,0
S4167,12,7,3,5,0
S4168,8,3,0,5,0
S4169,17,14,3,3,0
S4170,15,3,1,12,0
S4171,10,6,0,4,0
S4172,15,6,0,9,0
S4173,15,12,7,3,1
S4174,7,2,0,5,0
S4175,13,11,6,2,1
S4176,17,13,1,4,0
S4177,9,2,0,7,0
S4178,8,5,2,3,1
S4179,18,16,6,2,1
S4180,13,3,1,10,0
S4181,16,7,2,9,0
S4182,9,4,2,5,0
S4183,12,4,0,8,0
S4184,12,1,0,11,0
S4185,6,1,0,5,0
S4186,19,6,2,13,0
S4187,7,3,0,4,0
S4188,3,0,0,3,0
S4189,16,12,3,4,0
S4190,18,11,0,7,0
S4191,16,2,0,14,0
S4192,7,4,1,3,0
S4193,4,2,0,2,0
S4194,8,6,3,2,1
S4195,13,1,0,12,0
S4196,13,3,0,10,0
S4197,17,14,5,3,0
S4198,17,14,0,3,0
S4199,5,3,1,2,0
S4200,6,4,2,2,0
S4201,19,3,0,16,0
S4202,13,6,2,7,0
S4203,14,3,0,11,0
S4204,4,0,0,4,0
S4205,7,5,2,2,0
S4206,8,1,0,7,0
S4207,13,6,0,7,0
S4208,6,5,1,1,0
S4209,6,1,0,5,0
S4210,3,2,0,1,0
S4211,3,2,1,1,0
S4212,13,7,0,6,0
S4213,2,0,0,2,0
S4214,16,5,2,11,0
S4215,6,2,0,4,0
S4216,8,2,0,6,0
S4217,8,2,0,6,0
S4218,6,5,0,1,0
S4219,14,3,0,11,0
S4220,3,2,1,1,0
S4221,10,1,0,9,0
S4222,3,1,0,2,0
S4223,12,9,1,3,0
S4224,17,5,1,12,0
S4225,5,1,0,4,0
S4226,9,5,2,4,0
S4227,7,4,1,3,0
S4228,4,2,0,2,0
S4229,13,4,0,9,0
S4230,13,3,0,10,0
S4231,10,8,2,2,1
S4232,18,15,8,3,1
S4233,17,7,1,10,0
S4234,13,10,1,3,0
S4235,17,7,1,10,0
S4236,4,1,0,3,0
S4237,1,0,0,1,0
S4238,1,0,0,1,0
S4239,15,7,2,8,0
S4240,13,1,0,12,0
S4241,17,7,3,10,0
S4242,8,5,0,3,0
S4243,18,11,3,7,0
S4244,13,7,0,6,0
S4245,14,11,6,3,1
S4246,8,0,0,8,0
S4247,8,4,0,4,0
S4248,15,10,1,5,0
S4249,13,6,1,7,0
S4250,7,2,0,5,0
S4251,5,1,0,4,0
S4252,17,13,6,4,0
S4253,16,7,3,9,0
S4254,2,1,0,1,0
S4255,18,10,2,8,0
S4256,17,10,5,7,0
S4257,7,5,0,2,0
S4258,13,8,4,5,0
S4259,18,7,0,11,0
S4260,14,7,2,7,0
S4261,18,13,4,5,0
S4262,13,5,1,8,0
S4263,11,4,2,7,0
S4264,16,2,0,14,0
S4265,17,14,2,3,1
S4266,8,1,0,7,0
S4267,19,11,5,8,0
S4268,15,6,0,9,0
S4269,9,3,1,6,0
S4270,10,6,1,4,0
S4271,12,1,0,11,0
S4272,1,0,0,1,0
S4273,9,6,0,3,0
S4274,15,11,3,4,0
S4275,1,0,0,1,0
S4276,12,9,1,3,0
S4277,3,1,0,2,0
S4278,11,8,2,3,0
S4279,2,0,0,2,0
S4280,16,8,2,8,0
S4281,9,7,0,2,0
S4282,15,12,3,3,0
S4283,12,5,2,7,0
S4284,1,0,0,1,0
S4285,13,5,0,8,0
S4286,14,5,0,9,0
S4287,8,2,1,6,0
S4288,8,2,0,6,0
S4289,12,9,2,3,0
S4290,1,0,0,1,0
S4291,11,7,1,4,0
S4292,8,1,0,7,0
S4293,10,3,1,7,0
S4294,19,2,0,17,0
S4295,11,3,0,8,0
S4296,7,5,0,2,0
S4297,11,8,0,3,0
S4298,17,4,1,13,0
S4299,1,0,0,1,0
S4300,8,3,0,5,0
S4301,6,4,2,2,0
S4302,18,12,1,6,0
S4303,6,3,0,3,0
S4304,5,3,0,2,0
S4305,13,10,1,3,0
S4306,19,2,0,17,0
S4307,8,3,1,5,0
S4308,9,7,3,2,0
S4309,17,11,3,6,0
S4310,3,1,0,2,0
S4311,19,9,2,10,0
S4312,11,4,0,7,0
S4313,17,8,0,9,0
S4314,19,11,6,8,1
S4315,2,0,0,2,0
S4316,8,5,0,3,0
S4317,19,14,3,5,0
S4318,7,1,0,6,0
S4319,17,7,0,10,0
S4320,6,2,0,4,0
S4321,19,12,2,7,0
S4322,6,1,0,5,0
S4323,2,1,0,1,0
S4324,6,4,1,2,1
S4325,5,2,0,3,0
S4326,19,15,7,4,0
S4327,4,3,0,1,0
S4328,17,3,0,14,0
S4329,11,3,0,8,0
S4330,4,3,1,1,0
S4331,13,11,0,2,1
S4332,17,3,0,14,0
S4333,9,1,0,8,0
S4334,4,0,0,4,0
S4335,14,12,3,2,1
S4336,19,4,0,15,0
S4337,3,1,0,2,0
S4338,14,10,3,4,0
S4339,8,0,0,8,0
S4340,1,0,0,1,0
S4341,10,3,0,7,0
S4342,18,14,0,4,0
S4343,16,5,2,11,0
S4344,8,5,2,3,0
S4345,1,0,0,1,0
S4346,12,3,0,9,0
S4347,8,1,0,7,0
S4348,16,6,2,10,0
S4349,18,5,1,13,0
S4350,4,2,1,2,0
S4351,6,4,1,2,0
S4352,12,5,1,7,0
S4353,9,5,1,4,0
S4354,15,8,3,7,1
S4355,16,12,3,4,0
S4356,12,5,1,7,0
S4357,14,4,1,10,0
S4358,13,4,1,9,0
S4359,2,1,0,1,0
S4360,3,1,0,2,0
S4361,10,4,1,6,0
S4362,9,1,0,8,0
S4363,8,5,1,3,0
S4364,10,2,0,8,0
S4365,19,4,1,15,0
S4366,3,1,0,2,0
S4367,5,1,0,4,0
S4368,3,1,0,2,0
S4369,16,6,2,10,0
S4370,17,7,4,10,0
S4371,15,7,1,8,0
S4372,3,0,0,3,0
S4373,12,2,0,10,0
S4374,9,7,0,2,0
S4375,12,5,2,7,0
S4376,15,6,0,9,0
S4377,2,0,0,2,0
S4378,18,8,3,10,0
S4379,12,6,1,6,0
S4380,4,2,1,2,0
S4381,16,10,2,6,0
S4382,16,3,0,13,0
S4383,1,0,0,1,0
S4384,2,1,0,1,0
S4385,3,2,0,1,0
S4386,17,3,0,14,0
S4387,1,0,0,1,0
S4388,6,1,0,5,0
S4389,15,2,1,13,0
S4390,14,5,1,9,0
S4391,15,3,0,12,0
S4392,14,9,4,5,0
S4393,5,2,0,3,0
S4394,6,1,0,5,0
S4395,17,1,0,16,0
S4396,11,8,4,3,0
S4397,16,3,1,13,0
S4398,12,7,2,5,0
S4399,15,5,2,10,0
S4400,4,2,0,2,0
S4401,18,6,2,12,0
S4402,3,0,0,3,0
S4403,8,2,0,6,0
S4404,3,0,0,3,0
S4405,8,3,0,5,0
S4406,18,11,0,7,0
S4407,10,3,1,7,0
S4408,17,1,0,16,0
S4409,8,4,1,4,0
S4410,11,6,0,5,0
S4411,5,4,2,1,1
S4412,13,7,1,6,0
S4413,5,2,0,3,0
S4414,13,7,0,6,0
S4415,6,5,2,1,0
S4416,5,3,1,2,0
S4417,9,3,1,6,0
S4418,16,4,1,12,0
S4419,2,0,0,2,0
S4420,1,0,0,1,0
S4421,8,5,1,3,0
S4422,19,9,1,10,0
S4423,11,1,0,10,0
S4424,12,8,3,4,0
S4425,12,8,1,4,0
S4426,7,2,0,5,0
S4427,13,8,3,5,0
S4428,8,3,0,5,0
S4429,9,7,0,2,0
S4430,7,5,0,2,0
S4431,15,7,2,8,0
S4432,2,1,0,1,0
S4433,12,9,1,3,0
S4434,1,0,0,1,0
S4435,8,2,0,6,0
S4436,5,3,1,2,0
S4437,15,4,0,11,0
S4438,1,0,0,1,0
S4439,1,0,0,1,0
S4440,10,6,3,4,0
S4441,10,4,2,6,0
S4442,15,4,1,11,0
S4443,17,6,0,11,0
S4444,6,1,0,5,0
S4445,3,0,0,3,0
S4446,13,9,1,4,0
S4447,16,4,2,12,0
S4448,8,3,1,5,0
S4449,15,6,2,9,0
S4450,17,15,1,2,1
S4451,17,7,3,10,0
S4452,13,2,0,11,0
S4453,17,2,0,15,0
S4454,6,3,1,3,0
S4455,17,9,1,8,0
S4456,16,6,0,10,0
S4457,14,6,2,8,0
S4458,13,1,0,12,0
S4459,6,3,0,3,0
S4460,3,1,0,2,0
S4461,14,3,1,11,0
S4462,14,2,0,12,0
S4463,15,2,0,13,0
S4464,8,1,0,7,0
S4465,15,8,0,7,0
S4466,13,3,0,10,0
S4467,17,5,0,12,0
S4468,3,0,0,3,0
S4469,6,5,0,1,0
S4470,5,3,1,2,0
S4471,17,4,0,13,0
S4472,2,0,0,2,0
S4473,15,4,0,11,0
S4474,5,2,0,3,0
S4475,6,0,0,6,0
S4476,6,3,0,3,0
S4477,18,9,0,9,0
S4478,18,14,8,4,1
S4479,4,0,0,4,0
S4480,17,12,3,5,0
S4481,14,10,0,4,0
S4482,14,2,0,12,0
S4483,13,5,2,8,0
S4484,7,1,0,6,0
S4485,12,3,1,9,0
S4486,15,4,1,11,0
S4487,19,10,4,9,0
S4488,11,4,1,7,0
S4489,15,12,6,3,1
S4490,12,2,1,10,0
S4491,3,2,0,1,0
S4492,17,4,1,13,0
S4493,3,2,0,1,0
S4494,19,7,2,12,0
S4495,4,0,0,4,0
S4496,3,2,0,1,0
S4497,16,5,1,11,0
S4498,12,7,1,5,0
S4499,8,4,0,4,0
S4500,17,8,1,9,0
S4501,7,3,1,4,0
S4502,11,7,0,4,0
S4503,18,3,1,15,0
S4504,1,0,0,1,0
S4505,3,2,0,1,0
S4506,4,0,0,4,0
S4507,13,2,0,11,0
S4508,6,4,1,2,0
S4509,14,6,3,8,0
S4510,5,2,1,3,0
S4511,16,3,1,13,0
S4512,15,7,2,8,0
S4513,15,3,1,12,0
S4514,4,1,0,3,0
S4515,8,5,2,3,0
S4516,16,4,0,12,0
S4517,16,7,4,9,0
S4518,4,3,0,1,0
S4519,13,8,3,5,1
S4520,13,10,0,3,0
S4521,2,0,0,2,0
S4522,3,2,0,1,0
S4523,8,1,0,7,0
S4524,15,2,0,13,0
S4525,11,2,0,9,0
S4526,9,3,0,6,0
S4527,7,5,0,2,0
S4528,13,4,0,9,0
S4529,2,1,0,1,0
S4530,8,5,0,3,0
S4531,7,3,0,4,0
S4532,12,4,1,8,0
S4533,19,10,3,9,0
S4534,7,2,0,5,0
S4535,10,1,0,9,0
S4536,16,14,2,2,0
S4537,3,0,0,3,0
S4538,10,1,0,9,0
S4539,6,4,1,2,0
S4540,18,6,0,12,0
S4541,18,11,3,7,0
S4542,5,1,0,4,0
S4543,7,2,0,5,0
S4544,2,0,0,2,0
S4545,11,4,0,7,0
S4546,13,5,0,8,0
S4547,5,3,1,2,0
S4548,6,3,1,3,0
S4549,14,11,2,3,0
S4550,12,1,0,11,0
S4551,4,2,1,2,0
S4552,6,3,1,3,0
S4553,10,8,2,2,1
S4554,18,2,0,16,0
S4555,15,8,0,7,0
S4556,8,6,1,2,0
S4557,9,2,0,7,0
S4558,5,4,0,1,0
S4559,10,1,0,9,0
S4560,6,4,0,2,0
S4561,16,13,5,3,0
S4562,3,1,0,2,0
S4563,10,4,1,6,0
S4564,11,1,0,10,0
S4565,11,9,0,2,0
S4566,17,8,2,9,0
S4567,4,0,0,4,0
S4568,4,2,0,2,0
S4569,17,8,1,9,0
S4570,9,1,0,8,0
S4571,19,5,0,14,0
S4572,5,0,0,5,0
S4573,6,3,0,3,0
S4574,3,1,0,2,0
S4575,1,0,0,1,0
S4576,16,12,2,4,1
S4577,11,8,1,3,0
S4578,13,7,3,6,1
S4579,10,1,0,9,0
S4580,3,1,0,2,0
S4581,9,3,1,6,0
S4582,12,6,0,6,0
S4583,14,8,2,6,0
S4584,1,0,0,1,0
S4585,18,15,7,3,1
S4586,17,3,0,14,0
S4587,9,5,1,4,0
S4588,9,0,0,9,0
S4589,10,8,1,2,1
S4590,19,3,0,16,0
S4591,15,2,0,13,0
S4592,5,1,0,4,0
S4593,15,5,2,10,0
S4594,2,0,0,2,0
S4595,13,7,2,6,0
S4596,16,7,1,9,0
S4597,15,1,0,14,0
S4598,10,3,0,7,0
S4599,14,10,1,4,0
S4600,10,6,3,4,0
S4601,14,9,3,5,0
S4602,9,5,0,4,0
S4603,14,4,0,10,0
S4604,3,0,0,3,0
S4605,16,5,2,11,0
S4606,2,1,0,1,0
S4607,10,8,1,2,0
S4608,3,1,0,2,0
S4609,11,1,0,10,0
S4610,11,2,0,9,0
S4611,13,4,1,9,0
S4612,7,3,0,4,0
S4613,17,2,1,15,0
S4614,2,1,0,1,0
S4615,12,4,0,8,0
S4616,10,8,3,2,1
S4617,18,13,4,5,1
S4618,11,7,3,4,1
S4619,16,9,2,7,0
S4620,17,10,2,7,0
S4621,19,11,6,8,0
S4622,18,10,0,8,0
S4623,3,1,0,2,0
S4624,16,14,1,2,0
S4625,6,4,2,2,1
S4626,12,8,0,4,0
S4627,11,8,2,3,0
S4628,15,4,2,11,0
S4629,15,2,0,13,0
S4630,16,7,3,9,0
S4631,10,5,2,5,0
S4632,12,9,3,3,1
S4633,13,5,2,8,0
S4634,4,2,0,2,0
S4635,7,3,0,4,0
S4636,2,0,0,2,0
S4637,15,8,1,7,0
S4638,8,6,0,2,0
S4639,7,1,0,6,0
S4640,15,8,0,7,0
S4641,14,8,0,6,0
S4642,8,1,0,7,0
S4643,12,2,0,10,0
S4644,13,11,3,2,1
S4645,11,4,0,7,0
S4646,17,4,2,13,0
S4647,17,4,0,13,0
S4648,4,2,1,2,0
S4649,8,4,1,4,0
S4650,5,3,0,2,0
S4651,16,2,0,14,0
S4652,4,3,1,1,1
S4653,15,6,1,9,0
S4654,12,4,2,8,0
S4655,5,2,0,3,0
S4656,16,6,1,10,0
S4657,14,11,0,3,0
S4658,10,8,1,2,0
S4659,7,2,0,5,0
S4660,13,10,5,3,1
S4661,5,3,0,2,0
S4662,3,2,0,1,0
S4663,15,4,1,11,0
S4664,4,2,1,2,0
S4665,15,4,2,11,0
S4666,14,10,4,4,1
S4667,19,1,0,18,0
S4668,13,7,3,6,0
S4669,10,3,1,7,0
S4670,5,1,0,4,0
S4671,6,3,0,3,0
S4672,4,3,0,1,0
S4673,2,1,0,1,0
S4674,16,12,2,4,0
S4675,18,5,0,13,0
S4676,5,2,0,3,0
S4677,4,1,0,3,0
S4678,13,1,0,12,0
S4679,19,10,4,9,0
S4680,2,1,0,1,0
S4681,13,7,4,6,0
S4682,11,7,3,4,1
S4683,4,2,0,2,0
S4684,15,2,0,13,0
S4685,4,0,0,4,0
S4686,9,5,1,4,0
S4687,7,2,0,5,0
S4688,19,3,1,16,0
S4689,19,8,3,11,0
S4690,6,3,0,3,0
S4691,6,2,0,4,0
S4692,15,10,1,5,0
S4693,15,9,0,6,0
S4694,9,3,0,6,0
S4695,4,2,0,2,0
S4696,18,11,5,7,1
S4697,18,10,1,8,0
S4698,5,2,0,3,0
S4699,11,1,0,10,0
S4700,5,3,0,2,0
S4701,4,1,0,3,0
S4702,12,10,1,2,1
S4703,2,1,0,1,0
S4704,13,7,0,6,0
S4705,10,3,0,7,0
S4706,9,2,0,7,0
S4707,10,3,0,7,0
S4708,7,3,0,4,0
S4709,4,1,0,3,0
S4710,19,9,2,10,0
S4711,10,2,1,8,0
S4712,3,2,0,1,0
S4713,19,3,0,16,0
S4714,2,1,0,1,0
S4715,10,8,0,2,0
S4716,2,1,0,1,0
S4717,2,1,0,1,0
S4718,17,7,2,10,0
S4719,16,9,4,7,0
S4720,16,5,2,11,0
S4721,14,4,0,10,0
S4722,7,3,1,4,0
S4723,11,5,1,6,0
S4724,1,0,0,1,0
S4725,11,3,1,8,0
S4726,4,1,0,3,0
S4727,7,1,0,6,0
S4728,15,2,0,13,0
S4729,18,5,0,13,0
S4730,12,1,0,11,0
S4731,17,3,1,14,0
S4732,1,0,0,1,0
S4733,11,1,0,10,0
S4734,1,0,0,1,0
S4735,15,4,1,11,0
S4736,10,7,1,3,0
S4737,7,3,0,4,0
S4738,2,0,0,2,0
S4739,10,5,1,5,0
S4740,4,1,0,3,0
S4741,12,6,2,6,0
S4742,19,3,0,16,0
S4743,11,9,0,2,0
S4744,8,3,0,5,0
S4745,18,6,1,12,0
S4746,11,7,3,4,0
S4747,11,4,2,7,0
S4748,13,9,1,4,0
S4749,3,1,0,2,0
S4750,12,8,3,4,1
S4751,3,0,0,3,0
S4752,10,7,1,3,0
S4753,17,11,3,6,0
S4754,2,0,0,2,0
S4755,17,3,0,14,0
S4756,16,5,0,11,0
S4757,2,1,0,1,0
S4758,6,1,0,5,0
S4759,10,4,0,6,0
S4760,10,1,0,9,0
S4761,8,3,0,5,0
S4762,1,0,0,1,0
S4763,13,11,6,2,1
S4764,9,4,0,5,0
S4765,10,7,2,3,0
S4766,15,8,1,7,0
S4767,5,0,0,5,0
S4768,16,5,1,11,0
S4769,13,7,0,6,0
S4770,18,15,7,3,1
S4771,11,8,2,3,0
S4772,9,2,0,7,0
S4773,16,4,0,12,0
S4774,2,0,0,2,0
S4775,2,1,0,1,0
S4776,12,9,5,3,0
S4777,8,5,1,3,0
S4778,9,3,0,6,0
S4779,12,6,2,6,0
S4780,9,4,2,5,0
S4781,10,3,1,7,0
S4782,2,1,0,1,0
S4783,16,1,0,15,0
S4784,7,1,0,6,0
S4785,2,1,0,1,0
S4786,1,0,0,1,0
S4787,19,8,1,11,0
S4788,4,2,1,2,0
S4789,2,0,0,2,0
S4790,14,9,3,5,1
S4791,2,1,0,1,0
S4792,15,10,0,5,0
S4793,12,8,1,4,0
S4794,5,1,0,4,0
S4795,7,2,0,5,0
S4796,10,4,1,6,0
S4797,14,5,2,9,0
S4798,14,9,1,5,0
S4799,5,1,0,4,0
S4800,18,3,0,15,0
S4801,14,5,2,9,0
S4802,2,1,0,1,0
S4803,12,3,0,9,0
S4804,6,3,0,3,0
S4805,4,1,0,3,0
S4806,13,2,0,11,0
S4807,4,1,0,3,0
S4808,14,9,5,5,0
S4809,16,8,3,8,0
S4810,4,3,1,1,0
S4811,1,0,0,1,0
S4812,13,2,1,11,0
S4813,4,3,1,1,0
S4814,18,7,3,11,0
S4815,6,3,1,3,0
S4816,3,2,0,1,0
S4817,13,4,0,9,0
S4818,16,10,1,6,0
S4819,5,1,0,4,0
S4820,4,1,0,3,0
S4821,8,1,0,7,0
S4822,19,14,2,5,1
S4823,14,3,1,11,0
S4824,7,4,0,3,0
S4825,14,11,5,3,1
S4826,6,3,1,3,1
S4827,12,6,0,6,0
S4828,16,7,2,9,0
S4829,17,6,1,11,0
S4830,13,6,1,7,0
S4831,14,8,1,6,0
S4832,7,6,0,1,0
S4833,14,11,6,3,1
S4834,15,11,0,4,1
S4835,12,9,3,3,0
S4836,17,8,1,9,0
S4837,9,5,1,4,0
S4838,15,12,2,3,0
S4839,12,4,1,8,0
S4840,2,1,0,1,0
S4841,5,2,0,3,0
S4842,13,7,0,6,0
S4843,8,5,1,3,0
S4844,14,12,2,2,1
S4845,15,4,0,11,0
S4846,11,7,1,4,0
S4847,1,0,0,1,0
S4848,3,0,0,3,0
S4849,17,12,5,5,1
S4850,19,10,1,9,0
S4851,14,8,1,6,0
S4852,8,2,0,6,0
S4853,13,6,2,7,0
S4854,3,1,0,2,0
S4855,5,2,0,3,0
S4856,9,2,0,7,0
S4857,6,5,1,1,1
S4858,2,1,0,1,0
S4859,13,8,2,5,0
S4860,5,2,0,3,0
S4861,8,3,1,5,0
S4862,1,0,0,1,0
S4863,12,5,0,7,0
S4864,11,5,0,6,0
S4865,7,3,1,4,0
S4866,15,7,3,8,0
S4867,11,2,0,9,0
S4868,16,7,0,9,0
S4869,3,0,0,3,0
S4870,14,2,0,12,0
S4871,3,2,1,1,0
S4872,1,0,0,1,0
S4873,15,9,4,6,1
S4874,1,0,0,1,0
S4875,17,14,0,3,1
S4876,2,1,0,1,0
S4877,6,4,1,2,0
S4878,8,3,0,5,0
S4879,16,13,3,3,0
S4880,19,14,3,5,1
S4881,1,0,0,1,0
S4882,3,0,0,3,0
S4883,3,0,0,3,0
S4884,5,1,0,4,0
S4885,12,3,1,9,0
S4886,12,9,0,3,0
S4887,13,1,0,12,0
S4888,9,1,0,8,0
S4889,7,2,1,5,0
S4890,4,1,0,3,0
S4891,19,5,0,14,0
S4892,19,14,4,5,1
S4893,6,3,0,3,0
S4894,13,1,0,12,0
S4895,11,4,0,7,0
S4896,13,5,0,8,0
S4897,13,2,1,11,0
S4898,15,9,1,6,0
S4899,13,8,2,5,0
S4900,11,7,1,4,0
S4901,19,12,3,7,0
S4902,8,0,0,8,0
S4903,8,6,1,2,0
S4904,10,7,2,3,0
S4905,16,13,3,3,0
S4906,19,2,0,17,0
S4907,11,9,2,2,1
S4908,13,9,4,4,0
S4909,9,6,0,3,0
S4910,19,3,0,16,0
S4911,16,11,1,5,0
S4912,7,6,2,1,0
S4913,19,12,5,7,0
S4914,12,6,2,6,0
S4915,15,12,3,3,0
S4916,14,6,3,8,0
S4917,11,6,2,5,0
S4918,10,4,1,6,0
S4919,11,9,4,2,1
S4920,6,0,0,6,0
S4921,2,1,0,1,0
S4922,11,7,3,4,0
S4923,19,13,7,6,1
S4924,6,3,0,3,0
S4925,14,11,0,3,0
S4926,6,5,2,1,0
S4927,17,2,0,15,0
S4928,10,4,2,6,0
S4929,1,0,0,1,0
S4930,3,1,0,2,0
S4931,8,4,0,4,0
S4932,8,6,0,2,1
S4933,15,11,1,4,0
S4934,7,1,0,6,0
S4935,11,1,0,10,0
S4936,7,3,1,4,0
S4937,4,2,0,2,0
S4938,12,3,0,9,0
S4939,6,4,1,2,1
S4940,14,11,3,3,0
S4941,12,5,1,7,0
S4942,11,8,0,3,0
S4943,19,7,0,12,0
S4944,5,3,0,2,0
S4945,14,6,0,8,0
S4946,16,3,1,13,0
S4947,13,10,1,3,0
S4948,4,1,0,3,0
S4949,11,7,3,4,0
S4950,17,6,3,11,0
S4951,7,0,0,7,0
S4952,14,2,0,12,0
S4953,11,5,1,6,0
S4954,9,5,0,4,0
S4955,13,4,1,9,0
S4956,18,11,5,7,0
S4957,11,7,3,4,0
S4958,15,9,2,6,0
S4959,19,9,4,10,0
S4960,1,0,0,1,0
S4961,4,1,0,3,0
S4962,14,6,2,8,0
S4963,14,3,0,11,0
S4964,3,1,0,2,0
S4965,17,2,0,15,0
S4966,3,1,0,2,0
S4967,16,4,1,12,0
S4968,14,4,1,10,0
S4969,13,9,4,4,1
S4970,15,5,2,10,0
S4971,14,4,0,10,0
S4972,19,4,2,15,0
S4973,6,4,0,2,0
S4974,10,2,0,8,0
S4975,15,6,1,9,0
S4976,6,3,1,3,0
S4977,10,6,1,4,0
S4978,7,4,1,3,0
S4979,17,12,5,5,0
S4980,18,2,0,16,0
S4981,17,5,2,12,0
S4982,9,2,0,7,0
S4983,10,2,1,8,0
S4984,10,3,0,7,0
S4985,7,2,0,5,0
S4986,16,8,2,8,0
S4987,18,11,1,7,0
S4988,6,2,0,4,0
S4989,1,0,0,1,0
S4990,1,0,0,1,0
S4991,12,3,0,9,0
S4992,2,1,0,1,0
S4993,4,0,0,4,0
S4994,17,2,0,15,0
S4995,4,1,0,3,0
S4996,11,9,3,2,1
S4997,4,2,0,2,0
S4998,1,0,0,1,0
S4999,7,5,1,2,0
S5000,18,12,4,6,0
